TBA,TBA,TBA,TBA,TBA
Cobb Hall,203,Fri,09:30 AM,10:20 AM
Cobb Hall,203,Fri,09:30 AM,10:20 AM
Oriental Institute,210,Thu,11:00 AM,12:20 PM
Oriental Institute,210,Thu,11:00 AM,12:20 PM
Hinds Lab Geo Sci,101,Fri,09:30 AM,10:20 AM
Midway Studios,112,Wed,01:30 PM,04:20 PM
Cochrane-Woods Art Ctr,157,Wed,03:00 PM,04:20 PM
Crerar Library,134,Fri,12:30 PM,04:50 PM
Rosenwald Hall ,11,Wed,03:00 PM,04:20 PM
Cobb Hall,115,Fri,10:30 AM,11:20 AM
Cobb Hall,115,Fri,10:30 AM,11:20 AM
Cobb Hall,107,Fri,09:30 AM,10:20 AM
Cobb Hall,107,Fri,09:30 AM,10:20 AM
Cobb Hall,107,Fri,10:30 AM,11:20 AM
Cobb Hall,107,Fri,10:30 AM,11:20 AM
Cobb Hall,115,Fri,11:30 AM,12:20 PM
Cobb Hall,107,Thu,09:00 AM,10:20 AM
Cobb Hall,115,Fri,11:30 AM,12:20 PM
Oriental Institute,208,Thu,02:00 PM,03:20 PM
Oriental Institute,208,Thu,02:00 PM,03:20 PM
Wieboldt Hall,111,Thu,11:00 AM,12:20 PM
Wieboldt Hall,111,Thu,11:00 AM,12:20 PM
Oriental Institute,210,Fri,10:30 AM,11:20 AM
TBA,TBA,TBA,TBA,TBA
Classics Building ,21,TBA,TBA,TBA
TBA,TBA,TBA,TBA,TBA
TBA,TBA,TBA,TBA,TBA
TBA,TBA,TBA,TBA,TBA
TBA,TBA,TBA,TBA,TBA
TBA,TBA,TBA,TBA,TBA
TBA,TBA,TBA,TBA,TBA
TBA,TBA,TBA,TBA,TBA
TBA,TBA,Fri,06:00 AM,05:00 PM
TBA,TBA,Fri,06:00 AM,05:00 PM
TBA,TBA,Fri,06:00 AM,05:00 PM
TBA,TBA,Fri,06:00 AM,05:00 PM
TBA,TBA,Fri,06:00 AM,05:00 PM
TBA,TBA,Fri,06:00 AM,05:00 PM
TBA,TBA,Fri,06:00 AM,05:00 PM
TBA,TBA,Fri,06:00 AM,05:00 PM
TBA,TBA,Fri,06:00 AM,05:00 PM
TBA,TBA,Thu,06:00 AM,04:00 PM
TBA,TBA,Thu,06:00 AM,04:00 PM
TBA,TBA,Thu,06:00 AM,04:00 PM
TBA,TBA,Thu,06:00 AM,04:00 PM
TBA,TBA,Thu,06:00 AM,04:00 PM
TBA,TBA,Thu,06:00 AM,04:00 PM
Swift Hall,208,Mon,09:30 AM,12:20 PM
Swift Hall,207,Thu,11:00 AM,01:50 PM
Haskell Hall,315,Thu,12:30 PM,01:50 PM
Haskell Hall,101,Wed,01:30 PM,04:20 PM
Pick Hall,218,Fri,10:30 AM,11:50 AM
Oriental Institute,208,Wed,01:30 PM,02:50 PM
Oriental Institute,208,Wed,03:00 PM,04:20 PM
Oriental Institute,210,Mon,03:00 PM,05:20 PM
Rosenwald Hall ,11,Thu,02:00 PM,03:20 PM
Haskell Hall,315,Wed,01:30 PM,02:50 PM
TBA,TBA,Thu,02:00 PM,03:20 PM
Haskell Hall,315,Thu,12:30 PM,01:50 PM
Haskell Hall,101,Thu,03:30 PM,04:50 PM
Harper Mem Library,140,Thu,02:00 PM,03:20 PM
Rosenwald Hall,405,Thu,11:00 AM,12:20 PM
 S. University 10,5733,Thu,12:30 PM,01:50 PM
 Building 289,1155,Fri,01:30 PM,04:20 PM
TBA,TBA,TBA,TBA,TBA
TBA,TBA,Wed,03:00 PM,04:20 PM
Hinds Lab Geo Sci,101,Wed,01:30 PM,02:20 PM
Haskell Hall,101,Tue,09:30 AM,12:20 PM
Foster Hall,107,Thu,11:00 AM,12:20 PM
TBA,TBA,Wed,03:00 PM,04:20 PM
Cochrane-Woods Art Ctr,152,Fri,01:00 PM,04:00 PM
 S. University 10,5733,Wed,01:30 PM,02:50 PM
Cobb Hall,110,Wed,04:30 PM,05:50 PM
Cobb Hall,203,Thu,09:30 AM,10:50 AM
Cobb Hall,116,Thu,12:30 PM,01:50 PM
Harper Mem Library,148,Wed,01:30 PM,02:50 PM
Stuart Hall,105,Wed,01:30 PM,02:50 PM
Cobb Hall,115,Wed,04:30 PM,05:50 PM
TBA,TBA,Wed,01:30 PM,02:50 PM
Pick Hall,319,Wed,03:00 PM,04:20 PM
Stuart Hall,105,Tue,09:30 AM,10:50 AM
 Building 289,1155,Tue,12:30 PM,03:20 PM
Saieh Hall for Economics,247,Wed,12:30 PM,03:20 PM
Rosenwald Hall,329,Wed,01:30 PM,04:20 PM
TBA,TBA,TBA,TBA,TBA
Harper Mem Library,148,Wed,03:00 PM,04:20 PM
Cobb Hall,301,Thu,02:00 PM,03:20 PM
Cobb Hall,301,Thu,03:30 PM,04:50 PM
Rosenwald Hall,329,Thu,11:00 AM,12:20 PM
TBA,TBA,TBA,TBA,TBA
TBA,TBA,TBA,TBA,TBA
 Building 289,1155,Fri,01:30 PM,04:20 PM
Logan Center ,28,Thu,02:00 PM,04:50 PM
 S. University Room 10,5737,Wed,01:30 PM,04:20 PM
Social Sciences Rsch Bldg,108,Wed,09:30 AM,12:20 PM
Stuart Hall,105,Tue,09:30 AM,10:50 AM
 Building 289,1155,Tue,12:30 PM,03:20 PM
Rosenwald Hall,329,Wed,01:30 PM,04:20 PM
TBA,TBA,TBA,TBA,TBA
Harper Mem Library,140,Thu,02:00 PM,03:20 PM
Social Sciences Rsch Bldg,401,Fri,03:00 PM,05:50 PM
TBA,TBA,TBA,TBA,TBA
Haskell Hall,101,Thu,03:30 PM,04:50 PM
Haskell Hall,315,Thu,12:30 PM,01:50 PM
Haskell Hall,101,Wed,01:30 PM,04:20 PM
Wieboldt Hall,102,Fri,12:30 PM,03:20 PM
Haskell Hall,101,Thu,11:00 AM,01:50 PM
Rosenwald Hall,208,Wed,01:30 PM,04:20 PM
Midway Studios,102,Tue,12:30 PM,03:20 PM
TBA,TBA,TBA,TBA,TBA
TBA,TBA,TBA,TBA,TBA
TBA,TBA,TBA,TBA,TBA
Oriental Institute,208,Fri,09:30 AM,10:50 AM
Oriental Institute,208,Fri,09:30 AM,10:50 AM
Saieh Hall for Economics,247,Fri,10:30 AM,11:50 AM
Saieh Hall for Economics,247,Fri,10:30 AM,11:50 AM
Cobb Hall,425,Fri,01:30 PM,02:50 PM
Cobb Hall,425,Fri,01:30 PM,02:50 PM
Cobb Hall,425,Fri,09:30 AM,10:50 AM
Cobb Hall,425,Fri,09:30 AM,10:50 AM
Cobb Hall,205,Fri,12:30 PM,01:50 PM
Cobb Hall,205,Fri,12:30 PM,01:50 PM
TBA,TBA,TBA,TBA,TBA
Harper Mem Library,141,Wed,01:30 PM,02:50 PM
Harper Mem Library,141,Fri,11:30 AM,01:20 PM
Harper Mem Library,141,Fri,11:30 AM,01:20 PM
TBA,TBA,Wed,09:30 AM,12:20 PM
TBA,TBA,TBA,TBA,TBA
Harper Mem Library,151,Thu,03:30 PM,04:50 PM
TBA,TBA,TBA,TBA,TBA
Harper Mem Library,141,Wed,01:30 PM,02:50 PM
TBA,TBA,Wed,09:30 AM,12:20 PM
TBA,TBA,TBA,TBA,TBA
Harper Mem Library,151,Thu,03:30 PM,04:50 PM
Swift Hall,208,Wed,03:00 PM,04:20 PM
Harper Mem Library,151,Thu,12:30 PM,01:50 PM
TBA,TBA,TBA,TBA,TBA
Kersten Phys Teach Center,309,Thu,05:30 PM,07:30 PM
Cochrane-Woods Art Ctr,156,Thu,11:00 AM,12:20 PM
Cochrane-Woods Art Ctr,152,Thu,02:00 PM,03:20 PM
Wieboldt Hall,408,Thu,11:00 AM,12:20 PM
Cobb Hall,302,Tue,03:30 PM,04:50 PM
Crerar Library,134,Wed,03:00 PM,04:20 PM
Cochrane-Woods Art Ctr,157,Wed,03:00 PM,04:20 PM
Crerar Library,134,Fri,12:30 PM,04:50 PM
Cobb Hall,219,Thu,03:30 PM,04:50 PM
TBA,TBA,Wed,12:30 PM,03:20 PM
Cochrane-Woods Art Ctr,156,Thu,12:30 PM,03:20 PM
Social Sciences Rsch Bldg,122,Thu,12:30 PM,01:50 PM
The Keller Center,1022,Mon,04:30 PM,07:20 PM
Cobb Hall,430,Wed,12:30 PM,01:20 PM
Cobb Hall,430,Wed,12:30 PM,01:20 PM
TBA,TBA,TBA,TBA,TBA
TBA,TBA,TBA,TBA,TBA
TBA,TBA,TBA,TBA,TBA
TBA,TBA,TBA,TBA,TBA
TBA,TBA,TBA,TBA,TBA
TBA,TBA,TBA,TBA,TBA
Cochrane-Woods Art Ctr,156,Thu,11:00 AM,12:20 PM
Cochrane-Woods Art Ctr,152,Thu,02:00 PM,03:20 PM
Cochrane-Woods Art Ctr,157,Thu,09:30 AM,10:50 AM
Logan Center,201,Thu,09:30 AM,10:50 AM
Cochrane-Woods Art Ctr,157,Thu,11:00 AM,12:20 PM
TBA,TBA,TBA,TBA,TBA
Cochrane-Woods Art Ctr,153,Thu,05:00 PM,06:20 PM
Rosenwald Hall,405,Wed,04:30 PM,05:50 PM
Crerar Library,134,Wed,03:00 PM,04:20 PM
Cochrane-Woods Art Ctr,152,Thu,12:30 PM,01:50 PM
Cochrane-Woods Art Ctr,152,Wed,03:00 PM,04:20 PM
Cochrane-Woods Art Ctr,153,Tue,09:30 AM,12:20 PM
Cochrane-Woods Art Ctr,152,Fri,01:00 PM,04:00 PM
Cochrane-Woods Art Ctr,157,Wed,03:00 PM,04:20 PM
Crerar Library,134,Fri,12:30 PM,04:50 PM
Cochrane-Woods Art Ctr,153,Thu,02:00 PM,04:50 PM
Cochrane-Woods Art Ctr,152,Wed,01:30 PM,02:50 PM
Cochrane-Woods Art Ctr,156,Thu,12:30 PM,03:20 PM
Cochrane-Woods Art Ctr,156,Wed,01:30 PM,04:20 PM
TBA,TBA,TBA,TBA,TBA
Campus North Res Commons,158,Tue,02:00 PM,04:50 PM
Cochrane-Woods Art Ctr,152,Thu,11:00 AM,12:20 PM
TBA,TBA,TBA,TBA,TBA
TBA,TBA,TBA,TBA,TBA
Rosenwald Hall,405,Wed,04:30 PM,05:50 PM
Cochrane-Woods Art Ctr,152,Thu,12:30 PM,01:50 PM
Cochrane-Woods Art Ctr,152,Wed,03:00 PM,04:20 PM
Cochrane-Woods Art Ctr,153,Tue,09:30 AM,12:20 PM
Cochrane-Woods Art Ctr,153,Thu,02:00 PM,04:50 PM
TBA,TBA,TBA,TBA,TBA
Cochrane-Woods Art Ctr,156,Thu,12:30 PM,03:20 PM
Cochrane-Woods Art Ctr,156,Wed,01:30 PM,04:20 PM
TBA,TBA,TBA,TBA,TBA
Campus North Res Commons,158,Tue,02:00 PM,04:50 PM
Logan Center,802,Fri,10:30 AM,01:20 PM
Cochrane-Woods Art Ctr,156,Tue,03:30 PM,06:20 PM
Cochrane-Woods Art Ctr,156,Thu,03:30 PM,06:20 PM
Wieboldt Hall,102,Fri,12:30 PM,03:20 PM
TBA,TBA,TBA,TBA,TBA
Cochrane-Woods Art Ctr,156,Wed,08:30 AM,01:20 PM
Hinds Lab Geo Sci,101,Thu,11:00 AM,12:20 PM
TBA,TBA,TBA,TBA,TBA
Hinds Lab Geo Sci,101,Fri,10:30 AM,11:20 AM
TBA,TBA,TBA,TBA,TBA
Hinds Lab Geo Sci,101,Thu,09:30 AM,10:50 AM
Kersten Phys Teach Center,105,Fri,01:30 PM,02:50 PM
Kersten Phys Teach Center,309,Thu,09:30 AM,10:50 AM
TBA,TBA,TBA,TBA,TBA
Kent Chem Lab,120,Thu,09:30 AM,10:50 AM
Kersten ,55,Tue,02:00 PM,04:50 PM
Hinds Lab Geo Sci,180,Thu,09:30 AM,10:50 AM
William Eckhardt Rsch Ctr,583,Thu,02:00 PM,03:20 PM
Kersten Phys Teach Center,101,Thu,02:00 PM,03:20 PM
Kersten Phys Teach Center,101,Thu,09:30 AM,10:50 AM
Kersten Phys Teach Center,309,Thu,11:00 AM,12:20 PM
William Eckhardt Rsch Ctr,545,Mon,01:30 PM,04:20 PM
TBA,TBA,TBA,TBA,TBA
TBA,TBA,TBA,TBA,TBA
TBA,TBA,TBA,TBA,TBA
Kersten Phys Teach Center,309,Wed,01:30 PM,02:50 PM
TBA,TBA,TBA,TBA,TBA
TBA,TBA,TBA,TBA,TBA
TBA,TBA,TBA,TBA,TBA
William Eckhardt Rsch Ctr,517,Fri,01:30 PM,02:50 PM
William Eckhardt Rsch Ctr,545,Thu,02:00 PM,03:20 PM
Kersten ,55,Tue,02:00 PM,04:50 PM
Hinds Lab Geo Sci,180,Thu,09:30 AM,10:50 AM
William Eckhardt Rsch Ctr,583,Thu,02:00 PM,03:20 PM
TBA,TBA,TBA,TBA,TBA
TBA,TBA,TBA,TBA,TBA
William Eckhardt Rsch Ctr,583,Fri,10:00 AM,11:50 AM
Foster Hall,209,Fri,12:30 PM,01:20 PM
Foster Hall,209,Fri,12:30 PM,01:20 PM
Foster Hall,408,Thu,02:00 PM,03:20 PM
Foster Hall,408,Thu,02:00 PM,03:20 PM
Foster Hall,209,Thu,03:30 PM,04:50 PM
Foster Hall,209,Thu,03:30 PM,04:50 PM
TBA,TBA,TBA,TBA,TBA
Foster Hall,209,Fri,02:30 PM,03:20 PM
TBA,TBA,TBA,TBA,TBA
TBA,TBA,TBA,TBA,TBA
Cobb Hall,425,Fri,11:30 AM,12:20 PM
Cobb Hall,425,Fri,11:30 AM,12:20 PM
Wieboldt Hall,230,Thu,09:30 AM,12:20 PM
TBA,TBA,TBA,TBA,TBA
Wieboldt Hall,230,Thu,09:30 AM,12:20 PM
Saieh Hall for Economics,242,Wed,01:30 PM,02:50 PM
Classics Building ,21,Wed,01:30 PM,02:50 PM
Swift Hall,403,Tue,05:00 PM,07:50 PM
TBA,TBA,Thu,09:30 AM,10:50 AM
Swift Hall,208,Thu,02:00 PM,03:20 PM
TBA,TBA,TBA,TBA,TBA
TBA,TBA,Mon,11:30 AM,02:20 PM
Cobb Hall,205,Thu,02:00 PM,04:50 PM
TBA,TBA,TBA,TBA,TBA
TBA,TBA,TBA,TBA,TBA
TBA,TBA,TBA,TBA,TBA
TBA,TBA,TBA,TBA,TBA
TBA,TBA,TBA,TBA,TBA
BioSci Learning Center,240,Thu,03:30 PM,04:50 PM
BioSci Learning Center,305,Thu,11:00 AM,12:20 PM
TBA,TBA,TBA,TBA,TBA
TBA,TBA,TBA,TBA,TBA
TBA,TBA,TBA,TBA,TBA
TBA,TBA,TBA,TBA,TBA
TBA,TBA,TBA,TBA,TBA
TBA,TBA,TBA,TBA,TBA
TBA,TBA,TBA,TBA,TBA
TBA,TBA,TBA,TBA,TBA
TBA,TBA,TBA,TBA,TBA
TBA,TBA,TBA,TBA,TBA
TBA,TBA,TBA,TBA,TBA
TBA,TBA,TBA,TBA,TBA
TBA,TBA,TBA,TBA,TBA
TBA,TBA,TBA,TBA,TBA
TBA,TBA,TBA,TBA,TBA
TBA,TBA,TBA,TBA,TBA
TBA,TBA,TBA,TBA,TBA
TBA,TBA,TBA,TBA,TBA
TBA,TBA,TBA,TBA,TBA
TBA,TBA,TBA,TBA,TBA
TBA,TBA,TBA,TBA,TBA
TBA,TBA,TBA,TBA,TBA
TBA,TBA,TBA,TBA,TBA
TBA,TBA,TBA,TBA,TBA
TBA,TBA,TBA,TBA,TBA
TBA,TBA,TBA,TBA,TBA
TBA,TBA,TBA,TBA,TBA
TBA,TBA,TBA,TBA,TBA
TBA,TBA,TBA,TBA,TBA
TBA,TBA,TBA,TBA,TBA
TBA,TBA,TBA,TBA,TBA
TBA,TBA,TBA,TBA,TBA
TBA,TBA,TBA,TBA,TBA
TBA,TBA,TBA,TBA,TBA
TBA,TBA,TBA,TBA,TBA
TBA,TBA,TBA,TBA,TBA
TBA,TBA,TBA,TBA,TBA
TBA,TBA,TBA,TBA,TBA
TBA,TBA,TBA,TBA,TBA
TBA,TBA,TBA,TBA,TBA
TBA,TBA,TBA,TBA,TBA
TBA,TBA,TBA,TBA,TBA
BioSci Learning Center,205,Fri,12:30 PM,01:20 PM
BioSci Learning Center,324,Fri,08:30 AM,09:20 AM
BioSci Learning Center,324,Fri,10:30 AM,11:20 AM
BioSci Learning Center,324,Fri,12:30 PM,01:20 PM
TBA,TBA,TBA,TBA,TBA
BioSci Learning Center,318,Fri,10:30 AM,12:20 PM
BioSci Learning Center,318,Fri,02:30 PM,04:20 PM
BioSci Learning Center,210,Thu,09:30 AM,12:20 PM
BioSci Learning Center,210,Thu,02:00 PM,04:50 PM
BioSci Learning Center,318,Thu,09:30 AM,12:20 PM
BioSci Learning Center,318,Thu,02:00 PM,04:50 PM
TBA,TBA,TBA,TBA,TBA
BioSci Learning Center 0,1,Fri,10:30 AM,11:20 AM
TBA,TBA,TBA,TBA,TBA
BioSci Learning Center,109,Wed,01:30 PM,02:50 PM
BioSci Learning Center,109,Wed,01:30 PM,02:50 PM
Harper Mem Library,140,Thu,02:00 PM,03:20 PM
BioSci Learning Center 0,8,Thu,11:00 AM,12:20 PM
BioSci Learning Center 0,1,Thu,03:30 PM,04:50 PM
BioSci Learning Center,109,Thu,09:30 AM,10:50 AM
TBA,TBA,TBA,TBA,TBA
BioSci Learning Center 0,1,Tue,05:00 PM,06:20 PM
BioSci Learning Center 0,1,Fri,12:30 PM,01:20 PM
TBA,TBA,TBA,TBA,TBA
TBA,TBA,TBA,TBA,TBA
TBA,TBA,TBA,TBA,TBA
TBA,TBA,TBA,TBA,TBA
TBA,TBA,TBA,TBA,TBA
TBA,TBA,TBA,TBA,TBA
TBA,TBA,TBA,TBA,TBA
TBA,TBA,TBA,TBA,TBA
TBA,TBA,TBA,TBA,TBA
BioSci Learning Center,240,Thu,12:30 PM,01:50 PM
TBA,TBA,TBA,TBA,TBA
BioSci Learning Center,240,Thu,03:30 PM,04:50 PM
BioSci Learning Center,313,Thu,09:30 AM,10:50 AM
TBA,TBA,TBA,TBA,TBA
TBA,TBA,TBA,TBA,TBA
BioSci Learning Center,313,Thu,11:00 AM,12:20 PM
BioSci Learning Center,218,Wed,01:30 PM,02:50 PM
TBA,TBA,TBA,TBA,TBA
BioSci Learning Center,401,Thu,09:30 AM,10:50 AM
BioSci Learning Center,109,Wed,01:30 PM,02:50 PM
BioSci Learning Center,109,Wed,01:30 PM,02:50 PM
BioSci Learning Center,218,Thu,11:00 AM,12:20 PM
BioSci Learning Center,305,Thu,09:30 AM,10:50 AM
BioSci Learning Center,324,Thu,09:30 AM,10:50 AM
BioSci Learning Center,324,Wed,04:30 PM,05:50 PM
Cummings Life Sci Center,101,Thu,02:00 PM,03:20 PM
BioSci Learning Center,202,Thu,05:00 PM,06:20 PM
BioSci Learning Center,205,Thu,11:00 AM,12:20 PM
BioSci Learning Center,218,Thu,12:30 PM,01:50 PM
BioSci Learning Center,324,Thu,03:30 PM,04:50 PM
TBA,TBA,TBA,TBA,TBA
BioSci Learning Center,401,Wed,01:30 PM,02:50 PM
TBA,TBA,TBA,TBA,TBA
TBA,TBA,TBA,TBA,TBA
BioSci Learning Center 0,8,Fri,12:30 PM,01:20 PM
BioSci Learning Center,205,Wed,01:30 PM,02:50 PM
BioSci Learning Center,240,Thu,05:00 PM,06:20 PM
BioSci Learning Center 0,1,Fri,01:30 PM,02:50 PM
TBA,TBA,TBA,TBA,TBA
TBA,TBA,TBA,TBA,TBA
BioSci Learning Center,240,Wed,05:30 PM,08:30 PM
TBA,TBA,TBA,TBA,TBA
TBA,TBA,TBA,TBA,TBA
TBA,TBA,TBA,TBA,TBA
TBA,TBA,TBA,TBA,TBA
TBA,TBA,TBA,TBA,TBA
TBA,TBA,TBA,TBA,TBA
TBA,TBA,TBA,TBA,TBA
Swift Hall,106,Mon,09:30 AM,12:20 PM
TBA,TBA,TBA,TBA,TBA
TBA,TBA,TBA,TBA,TBA
TBA,TBA,TBA,TBA,TBA
TBA,TBA,TBA,TBA,TBA
TBA,TBA,TBA,TBA,TBA
TBA,TBA,TBA,TBA,TBA
TBA,TBA,TBA,TBA,TBA
TBA,TBA,TBA,TBA,TBA
TBA,TBA,TBA,TBA,TBA
TBA,TBA,TBA,TBA,TBA
TBA,TBA,TBA,TBA,TBA
TBA,TBA,TBA,TBA,TBA
TBA,TBA,TBA,TBA,TBA
TBA,TBA,TBA,TBA,TBA
TBA,TBA,TBA,TBA,TBA
TBA,TBA,TBA,TBA,TBA
TBA,TBA,TBA,TBA,TBA
TBA,TBA,TBA,TBA,TBA
TBA,TBA,TBA,TBA,TBA
TBA,TBA,TBA,TBA,TBA
TBA,TBA,TBA,TBA,TBA
TBA,TBA,TBA,TBA,TBA
TBA,TBA,TBA,TBA,TBA
TBA,TBA,TBA,TBA,TBA
TBA,TBA,TBA,TBA,TBA
TBA,TBA,TBA,TBA,TBA
TBA,TBA,TBA,TBA,TBA
TBA,TBA,TBA,TBA,TBA
TBA,TBA,TBA,TBA,TBA
TBA,TBA,TBA,TBA,TBA
TBA,TBA,TBA,TBA,TBA
TBA,TBA,TBA,TBA,TBA
TBA,TBA,TBA,TBA,TBA
TBA,TBA,TBA,TBA,TBA
TBA,TBA,TBA,TBA,TBA
TBA,TBA,TBA,TBA,TBA
TBA,TBA,TBA,TBA,TBA
TBA,TBA,TBA,TBA,TBA
TBA,TBA,TBA,TBA,TBA
TBA,TBA,Wed,06:30 PM,07:20 PM
TBA,TBA,TBA,TBA,TBA
TBA,TBA,TBA,TBA,TBA
BioSci Learning Center,240,Thu,03:30 PM,04:50 PM
TBA,TBA,TBA,TBA,TBA
TBA,TBA,TBA,TBA,TBA
TBA,TBA,TBA,TBA,TBA
TBA,TBA,TBA,TBA,TBA
TBA,TBA,TBA,TBA,TBA
TBA,TBA,TBA,TBA,TBA
Foster Hall,408,Fri,10:30 AM,11:20 AM
Foster Hall,408,Fri,10:30 AM,11:20 AM
Foster Hall,408,Fri,11:30 AM,02:30 PM
Foster Hall,408,Fri,11:30 AM,02:30 PM
Stuart Hall,101,Tue,12:30 PM,03:20 PM
Stuart Hall,101,Tue,03:30 PM,06:20 PM
Stuart Hall,101,Wed,12:30 PM,03:20 PM
Stuart Hall,101,Wed,03:30 PM,06:20 PM
 S. University Ave. 11,5727,Thu,09:30 AM,10:50 AM
Saieh Hall for Economics,203,Thu,03:30 PM,04:50 PM
Stuart Hall,101,Thu,02:00 PM,04:50 PM
Rosenwald Hall ,15,Thu,09:30 AM,10:50 AM
Rosenwald Hall ,15,Thu,11:00 AM,12:20 PM
Saieh Hall for Economics ,21,Wed,09:00 AM,10:20 AM
 S. University Ave. 11,5727,Wed,01:30 PM,02:50 PM
 S. University Ave. 11,5727,Wed,03:00 PM,04:20 PM
TBA,TBA,Mon,01:30 PM,04:20 PM
TBA,TBA,Mon,05:30 PM,08:20 PM
TBA,TBA,Thu,05:00 PM,08:00 PM
Stuart Hall,101,Mon,01:30 PM,04:20 PM
Saieh Hall for Economics ,21,Tue,12:30 PM,03:20 PM
TBA,TBA,Tue,01:30 PM,04:30 PM
Gleacher Center,306,Tue,06:00 PM,09:00 PM
Gleacher Center,306,Sat,01:30 PM,04:30 PM
TBA,TBA,Fri,08:30 AM,11:30 AM
Gleacher Center,206,Sat,01:30 PM,04:30 PM
TBA,TBA,Tue,08:30 AM,11:30 AM
TBA,TBA,Tue,01:30 PM,04:30 PM
Gleacher Center,308,Sat,09:00 AM,12:00 PM
TBA,TBA,Fri,01:30 PM,04:30 PM
Gleacher Center,204,Sat,01:30 PM,04:30 PM
TBA,TBA,Tue,01:30 PM,04:30 PM
TBA,TBA,Wed,01:30 PM,04:30 PM
Gleacher Center,200,Tue,06:00 PM,09:00 PM
TBA,TBA,Fri,08:30 AM,11:30 AM
Gleacher Center,204,Fri,06:00 PM,09:00 PM
Gleacher Center,304,Tue,06:00 PM,09:00 PM
TBA,TBA,TBA,TBA,TBA
TBA,TBA,Tue,08:30 AM,11:30 AM
TBA,TBA,TBA,TBA,TBA
TBA,TBA,TBA,TBA,TBA
TBA,TBA,TBA,TBA,TBA
TBA,TBA,TBA,TBA,TBA
TBA,TBA,TBA,TBA,TBA
TBA,TBA,TBA,TBA,TBA
TBA,TBA,TBA,TBA,TBA
Charles M. Harper Center,225,Mon,01:30 PM,04:30 PM
Charles M. Harper Center,225,Tue,08:30 AM,11:30 AM
Charles M. Harper Center,219,Mon,01:30 PM,04:30 PM
Charles M. Harper Center,225,Wed,08:30 AM,11:30 AM
Booth  NBC Towers 14,455,Wed,02:00 PM,05:00 PM
Gleacher Center,422,Mon,06:00 PM,09:00 PM
TBA,TBA,Thu,06:00 PM,09:00 PM
Gleacher Center,422,Tue,06:00 PM,09:00 PM
TBA,TBA,Tue,06:00 PM,09:00 PM
TBA,TBA,TBA,TBA,TBA
TBA,TBA,TBA,TBA,TBA
Charles M. Harper Center,225,Thu,01:30 PM,04:30 PM
TBA,TBA,Mon,08:30 AM,11:30 AM
TBA,TBA,Fri,12:00 PM,04:30 PM
TBA,TBA,TBA,TBA,TBA
TBA,TBA,Thu,08:30 AM,11:30 AM
TBA,TBA,Thu,01:30 PM,04:30 PM
Gleacher Center,304,Wed,06:00 PM,09:00 PM
Gleacher Center,304,Sat,01:30 PM,04:30 PM
TBA,TBA,Fri,08:30 AM,11:30 AM
Gleacher Center,406,Thu,06:00 PM,09:00 PM
Gleacher Center,406,Sat,09:00 AM,12:00 PM
TBA,TBA,Mon,01:30 PM,04:30 PM
TBA,TBA,Tue,01:30 PM,04:30 PM
TBA,TBA,Tue,06:00 PM,07:30 PM
Charles M. Harper Center,219,Tue,10:00 AM,11:30 AM
Charles M. Harper Center,223,Tue,10:00 AM,11:30 AM
Charles M. Harper Center,223,Tue,01:30 PM,03:00 PM
TBA,TBA,Tue,01:30 PM,03:00 PM
Charles M. Harper Center,223,Tue,04:00 PM,05:30 PM
TBA,TBA,Tue,04:00 PM,05:30 PM
Charles M. Harper Center,219,Tue,08:00 PM,09:30 PM
TBA,TBA,Tue,08:00 PM,09:30 PM
Charles M. Harper Center,219,Wed,10:00 AM,11:30 AM
Charles M. Harper Center,223,Wed,10:00 AM,11:30 AM
Charles M. Harper Center,223,Wed,03:00 PM,04:30 PM
Charles M. Harper Center,223,Thu,10:00 AM,11:30 AM
TBA,TBA,Thu,10:00 AM,11:30 AM
TBA,TBA,Thu,01:30 PM,03:00 PM
TBA,TBA,Thu,01:30 PM,03:00 PM
Gleacher Center,203,Wed,06:00 PM,07:30 PM
TBA,TBA,Wed,06:00 PM,07:30 PM
TBA,TBA,Thu,06:00 PM,07:30 PM
TBA,TBA,Thu,01:30 PM,04:30 PM
Gleacher Center,404,Thu,06:00 PM,09:00 PM
Gleacher Center,404,Sat,09:00 AM,12:00 PM
TBA,TBA,Tue,01:30 PM,04:30 PM
TBA,TBA,Wed,01:30 PM,04:30 PM
Gleacher Center,300,Tue,06:00 PM,09:00 PM
Gleacher Center,408,Thu,06:00 PM,09:00 PM
Gleacher Center,408,Sat,01:30 PM,04:30 PM
TBA,TBA,Thu,01:30 PM,04:30 PM
Gleacher Center,208,Sat,01:30 PM,04:30 PM
TBA,TBA,TBA,TBA,TBA
TBA,TBA,TBA,TBA,TBA
TBA,TBA,Mon,11:45 AM,01:15 PM
TBA,TBA,TBA,TBA,TBA
TBA,TBA,TBA,TBA,TBA
TBA,TBA,TBA,TBA,TBA
TBA,TBA,TBA,TBA,TBA
TBA,TBA,TBA,TBA,TBA
TBA,TBA,TBA,TBA,TBA
TBA,TBA,TBA,TBA,TBA
TBA,TBA,TBA,TBA,TBA
TBA,TBA,TBA,TBA,TBA
TBA,TBA,Mon,01:30 PM,04:30 PM
TBA,TBA,Mon,06:00 PM,09:00 PM
TBA,TBA,Thu,01:30 PM,04:30 PM
TBA,TBA,Wed,01:30 PM,04:30 PM
TBA,TBA,Thu,06:00 PM,09:00 PM
TBA,TBA,Mon,01:30 PM,05:30 PM
Gleacher Center,400,Mon,06:00 PM,09:00 PM
TBA,TBA,Fri,08:30 AM,11:30 AM
Gleacher Center,208,Sat,09:00 AM,12:00 PM
TBA,TBA,Tue,01:30 PM,04:30 PM
Gleacher Center,408,Tue,06:00 PM,09:00 PM
Booth  NBC Towers 13,455,Mon,02:00 PM,05:00 PM
Gleacher Center,406,Mon,06:00 PM,09:00 PM
Gleacher Center,300,Wed,06:00 PM,09:00 PM
TBA,TBA,Tue,03:00 PM,06:00 PM
TBA,TBA,Tue,01:30 PM,04:30 PM
Gleacher Center,308,Tue,06:00 PM,09:00 PM
Gleacher Center,208,Fri,06:00 PM,09:00 PM
Gleacher Center,400,Tue,06:00 PM,09:00 PM
Gleacher Center,404,Tue,06:00 PM,09:00 PM
TBA,TBA,TBA,TBA,TBA
TBA,TBA,TBA,TBA,TBA
TBA,TBA,TBA,TBA,TBA
TBA,TBA,Wed,08:30 AM,11:30 AM
TBA,TBA,Wed,01:30 PM,04:30 PM
TBA,TBA,Wed,06:00 PM,09:00 PM
Gleacher Center,204,Tue,06:00 PM,09:00 PM
TBA,TBA,Wed,08:30 AM,11:30 AM
TBA,TBA,Wed,01:30 PM,04:30 PM
Gleacher Center,406,Wed,06:00 PM,09:00 PM
TBA,TBA,Fri,08:30 AM,11:30 AM
Gleacher Center,408,Sat,09:00 AM,12:00 PM
Gleacher Center,206,Mon,06:00 PM,09:00 PM
TBA,TBA,Fri,08:30 AM,11:30 AM
TBA,TBA,Fri,01:30 PM,04:30 PM
Gleacher Center,406,Sat,01:30 PM,04:30 PM
Gleacher Center,204,Wed,06:00 PM,09:00 PM
TBA,TBA,Mon,01:30 PM,04:30 PM
Gleacher Center,406,Tue,06:00 PM,09:00 PM
TBA,TBA,Mon,08:30 AM,11:30 AM
TBA,TBA,Mon,01:30 PM,04:30 PM
Gleacher Center,308,Wed,06:00 PM,09:00 PM
TBA,TBA,TBA,TBA,TBA
TBA,TBA,Tue,03:30 PM,05:00 PM
TBA,TBA,TBA,TBA,TBA
TBA,TBA,TBA,TBA,TBA
TBA,TBA,TBA,TBA,TBA
TBA,TBA,Mon,08:30 AM,11:30 AM
TBA,TBA,Wed,01:30 PM,05:00 PM
TBA,TBA,TBA,TBA,TBA
TBA,TBA,Mon,08:30 AM,11:30 AM
TBA,TBA,Mon,01:30 PM,04:30 PM
TBA,TBA,Thu,08:30 AM,11:30 AM
Gleacher Center,206,Thu,06:00 PM,09:00 PM
Booth  NBC Towers 13,455,Sat,01:30 PM,04:30 PM
TBA,TBA,Tue,08:30 AM,11:30 AM
TBA,TBA,Thu,08:30 AM,11:30 AM
TBA,TBA,TBA,TBA,TBA
TBA,TBA,Mon,08:30 AM,11:30 AM
TBA,TBA,Tue,08:30 AM,11:30 AM
TBA,TBA,Thu,08:30 AM,11:30 AM
TBA,TBA,Thu,01:30 PM,04:30 PM
Gleacher Center,304,Fri,06:00 PM,09:00 PM
Gleacher Center,304,Sat,09:00 AM,12:00 PM
TBA,TBA,Wed,01:30 PM,04:30 PM
Gleacher Center,208,Wed,06:00 PM,09:00 PM
TBA,TBA,Thu,01:30 PM,04:30 PM
Gleacher Center,308,Thu,06:00 PM,09:00 PM
TBA,TBA,Sat,09:00 AM,12:00 PM
Charles M. Harper Center,219,Tue,01:30 PM,04:30 PM
TBA,TBA,Mon,06:00 PM,09:00 PM
TBA,TBA,Thu,01:30 PM,04:30 PM
Gleacher Center,204,Thu,06:00 PM,09:00 PM
Gleacher Center,204,Sat,09:00 AM,12:00 PM
Gleacher Center,404,Mon,06:00 PM,09:00 PM
TBA,TBA,TBA,TBA,TBA
TBA,TBA,TBA,TBA,TBA
TBA,TBA,TBA,TBA,TBA
TBA,TBA,TBA,TBA,TBA
TBA,TBA,Thu,08:30 AM,11:30 AM
TBA,TBA,TBA,TBA,TBA
TBA,TBA,Mon,08:30 AM,11:30 AM
TBA,TBA,Wed,09:00 AM,12:00 PM
TBA,TBA,Tue,08:30 AM,11:30 AM
TBA,TBA,Wed,01:30 PM,04:30 PM
Gleacher Center,206,Wed,06:00 PM,09:00 PM
TBA,TBA,Tue,08:30 AM,11:30 AM
TBA,TBA,Wed,08:30 AM,11:30 AM
Gleacher Center,404,Wed,06:00 PM,09:00 PM
Booth  NBC Towers 13,455,Mon,06:00 PM,09:00 PM
TBA,TBA,Thu,08:30 AM,11:30 AM
TBA,TBA,Thu,01:30 PM,04:30 PM
TBA,TBA,Wed,01:30 PM,04:30 PM
Gleacher Center,206,Tue,06:00 PM,09:00 PM
Gleacher Center,308,Sat,01:30 PM,04:30 PM
TBA,TBA,Thu,08:30 AM,11:30 AM
TBA,TBA,Thu,01:30 PM,04:30 PM
Gleacher Center,404,Sat,01:30 PM,04:30 PM
TBA,TBA,Tue,08:30 AM,11:30 AM
TBA,TBA,Tue,01:30 PM,04:30 PM
Gleacher Center,208,Tue,06:00 PM,09:00 PM
TBA,TBA,TBA,TBA,TBA
TBA,TBA,TBA,TBA,TBA
TBA,TBA,TBA,TBA,TBA
TBA,TBA,TBA,TBA,TBA
TBA,TBA,TBA,TBA,TBA
TBA,TBA,Tue,01:30 PM,04:30 PM
TBA,TBA,Mon,03:00 PM,06:00 PM
TBA,TBA,Tue,08:30 AM,11:30 AM
TBA,TBA,Tue,01:30 PM,04:30 PM
TBA,TBA,Mon,08:30 AM,11:30 AM
Gleacher Center,400,Sat,01:30 PM,04:30 PM
TBA,TBA,Wed,01:30 PM,04:30 PM
TBA,TBA,Thu,01:30 PM,04:30 PM
Gleacher Center,208,Thu,06:00 PM,09:00 PM
TBA,TBA,Fri,08:30 AM,11:30 AM
TBA,TBA,Wed,08:30 AM,11:30 AM
TBA,TBA,Fri,06:00 PM,09:00 PM
TBA,TBA,Mon,06:00 PM,09:00 PM
TBA,TBA,Sat,09:00 AM,12:00 PM
TBA,TBA,Wed,08:30 AM,11:30 AM
TBA,TBA,Wed,01:30 PM,04:30 PM
Gleacher Center,306,Wed,06:00 PM,09:00 PM
TBA,TBA,TBA,TBA,TBA
TBA,TBA,Wed,01:30 PM,02:50 PM
TBA,TBA,Mon,01:30 PM,04:30 PM
TBA,TBA,Thu,03:00 PM,06:00 PM
Gleacher Center,208,Mon,06:00 PM,09:00 PM
Gleacher Center,204,Mon,06:00 PM,09:00 PM
TBA,TBA,TBA,TBA,TBA
TBA,TBA,Thu,08:30 AM,11:30 AM
Gleacher Center,306,Thu,06:00 PM,09:00 PM
Gleacher Center,306,Sat,09:00 AM,12:00 PM
TBA,TBA,Tue,01:30 PM,04:30 PM
TBA,TBA,Mon,01:30 PM,04:30 PM
TBA,TBA,TBA,TBA,TBA
TBA,TBA,TBA,TBA,TBA
Gleacher Center,308,Thu,02:00 PM,05:00 PM
Charles M. Harper Center,219,Wed,01:30 PM,04:30 PM
TBA,TBA,TBA,TBA,TBA
TBA,TBA,TBA,TBA,TBA
TBA,TBA,TBA,TBA,TBA
TBA,TBA,TBA,TBA,TBA
TBA,TBA,TBA,TBA,TBA
TBA,TBA,TBA,TBA,TBA
TBA,TBA,TBA,TBA,TBA
BioSci Learning Center,313,Thu,09:30 AM,10:50 AM
BioSci Learning Center,313,Fri,09:30 AM,10:50 AM
TBA,TBA,TBA,TBA,TBA
TBA,TBA,TBA,TBA,TBA
TBA,TBA,TBA,TBA,TBA
Wieboldt Hall,230,Fri,10:30 AM,11:20 AM
Wieboldt Hall,230,Fri,10:30 AM,11:20 AM
TBA,TBA,Wed,11:00 AM,12:20 PM
TBA,TBA,Wed,11:00 AM,12:20 PM
TBA,TBA,TBA,TBA,TBA
Harper Mem Library,102,Wed,01:30 PM,02:50 PM
Harper Mem Library,102,Wed,01:30 PM,02:50 PM
Cobb Hall,101,Wed,04:30 PM,05:50 PM
TBA,TBA,TBA,TBA,TBA
Cobb Hall,101,Wed,04:30 PM,05:50 PM
TBA,TBA,TBA,TBA,TBA
Pick Hall,407,Wed,01:30 PM,04:20 PM
Foster Hall,107,Thu,11:00 AM,12:20 PM
Foster Hall,107,Wed,03:00 PM,04:20 PM
Foster Hall,107,Wed,09:30 AM,12:20 PM
Foster Hall,107,Thu,02:00 PM,04:50 PM
Foster Hall,107,Wed,09:30 AM,12:20 PM
TBA,TBA,TBA,TBA,TBA
Pick Hall,407,Wed,01:30 PM,04:20 PM
Haskell Hall,101,Wed,01:30 PM,04:20 PM
Regenstein Library,207,Tue,11:00 AM,01:50 PM
Walker Museum,403,Thu,03:00 PM,04:20 PM
TBA,TBA,TBA,TBA,TBA
TBA,TBA,TBA,TBA,TBA
Cobb Hall,110,Fri,08:30 AM,09:20 AM
Kent Chem Lab,107,Fri,10:30 AM,11:20 AM
Kent Chem Lab,107,Fri,11:30 AM,12:20 PM
Kent Chem Lab,107,Fri,08:30 AM,09:20 AM
Kent Chem Lab,107,Fri,09:30 AM,10:20 AM
Kent Chem Lab,120,Fri,10:30 AM,11:20 AM
Kent Chem Lab,102,Fri,10:30 AM,11:20 AM
TBA,TBA,TBA,TBA,TBA
Kersten ,55,Tue,02:00 PM,04:50 PM
Kent Chem Lab,107,Thu,09:30 AM,10:50 AM
Kent Chem Lab,102,Mon,01:30 PM,02:50 PM
Kent Chem Lab,102,Thu,09:30 AM,10:50 AM
TBA,TBA,TBA,TBA,TBA
Kent Chem Lab,102,Thu,11:00 AM,12:20 PM
Kent Chem Lab,101,Fri,09:30 AM,10:20 AM
TBA,TBA,TBA,TBA,TBA
TBA,TBA,TBA,TBA,TBA
TBA,TBA,TBA,TBA,TBA
TBA,TBA,TBA,TBA,TBA
Kent Chem Lab,101,Thu,08:00 AM,09:20 AM
Kent Chem Lab,101,Thu,11:00 AM,12:20 PM
Cobb Hall,116,Thu,09:30 AM,10:50 AM
TBA,TBA,TBA,TBA,TBA
TBA,TBA,TBA,TBA,TBA
TBA,TBA,TBA,TBA,TBA
Kent Chem Lab,102,Wed,03:00 PM,04:20 PM
Kent Chem Lab,102,Wed,03:00 PM,04:20 PM
TBA,TBA,TBA,TBA,TBA
TBA,TBA,TBA,TBA,TBA
TBA,TBA,TBA,TBA,TBA
TBA,TBA,TBA,TBA,TBA
TBA,TBA,TBA,TBA,TBA
TBA,TBA,TBA,TBA,TBA
TBA,TBA,TBA,TBA,TBA
TBA,TBA,TBA,TBA,TBA
TBA,TBA,TBA,TBA,TBA
TBA,TBA,TBA,TBA,TBA
TBA,TBA,TBA,TBA,TBA
TBA,TBA,TBA,TBA,TBA
TBA,TBA,TBA,TBA,TBA
TBA,TBA,TBA,TBA,TBA
TBA,TBA,TBA,TBA,TBA
TBA,TBA,TBA,TBA,TBA
TBA,TBA,TBA,TBA,TBA
TBA,TBA,TBA,TBA,TBA
TBA,TBA,TBA,TBA,TBA
TBA,TBA,TBA,TBA,TBA
TBA,TBA,TBA,TBA,TBA
TBA,TBA,TBA,TBA,TBA
TBA,TBA,TBA,TBA,TBA
TBA,TBA,TBA,TBA,TBA
TBA,TBA,TBA,TBA,TBA
TBA,TBA,TBA,TBA,TBA
TBA,TBA,TBA,TBA,TBA
TBA,TBA,TBA,TBA,TBA
TBA,TBA,TBA,TBA,TBA
TBA,TBA,TBA,TBA,TBA
TBA,TBA,TBA,TBA,TBA
TBA,TBA,TBA,TBA,TBA
TBA,TBA,TBA,TBA,TBA
TBA,TBA,TBA,TBA,TBA
TBA,TBA,TBA,TBA,TBA
TBA,TBA,TBA,TBA,TBA
TBA,TBA,TBA,TBA,TBA
TBA,TBA,TBA,TBA,TBA
Kent Chem Lab,120,Fri,12:30 PM,01:20 PM
Stuart Hall,104,Wed,01:30 PM,03:20 PM
TBA,TBA,TBA,TBA,TBA
Kersten Phys Teach Center,309,Thu,05:30 PM,07:30 PM
Midway Studios,102,Thu,12:30 PM,03:20 PM
Cochrane-Woods Art Ctr,156,Thu,11:00 AM,12:20 PM
Cochrane-Woods Art Ctr,152,Thu,02:00 PM,03:20 PM
Harper Mem Library,104,Wed,01:30 PM,02:50 PM
Rosenwald Hall ,11,Thu,02:00 PM,03:20 PM
Crerar Library,134,Wed,03:00 PM,04:20 PM
Cobb Hall,301,Thu,09:30 AM,10:50 AM
Rosenwald Hall,329,Thu,02:00 PM,04:50 PM
Cochrane-Woods Art Ctr,157,Wed,03:00 PM,04:20 PM
Social Sciences Rsch Bldg,302,Wed,01:30 PM,02:50 PM
Crerar Library,134,Fri,12:30 PM,04:50 PM
Logan Center ,28,Tue,02:00 PM,04:50 PM
Cobb Hall,302,Fri,09:30 AM,12:20 PM
Cobb Hall,107,Mon,04:30 PM,07:20 PM
Pick Hall,319,Wed,03:00 PM,04:20 PM
Cochrane-Woods Art Ctr,153,Thu,02:00 PM,04:50 PM
Logan Center,701,Mon,09:30 AM,12:20 PM
TBA,TBA,Wed,12:30 PM,03:20 PM
Pick Hall,319,Tue,02:00 PM,04:50 PM
Walker Museum,302,Wed,09:00 AM,10:20 AM
TBA,TBA,TBA,TBA,TBA
Gates-Blake Hall,321,Thu,02:00 PM,03:20 PM
TBA,TBA,Thu,02:00 PM,04:50 PM
Logan Center,501,Mon,12:30 PM,03:20 PM
Wieboldt Hall,408,Thu,02:00 PM,03:20 PM
Pick Hall,218,Mon,01:30 PM,04:20 PM
TBA,TBA,Tue,02:00 PM,04:50 PM
TBA,TBA,TBA,TBA,TBA
Cobb Hall,202,Fri,09:30 AM,10:20 AM
Cobb Hall,202,Fri,09:30 AM,10:20 AM
Harper Mem Library,104,Thu,11:00 AM,11:50 AM
Harper Mem Library,104,Thu,11:00 AM,11:50 AM
Cobb Hall,219,Thu,11:00 AM,11:50 AM
Cobb Hall,219,Thu,11:00 AM,11:50 AM
Harper Mem Library,104,Fri,09:30 AM,10:20 AM
Harper Mem Library,104,Fri,09:30 AM,10:20 AM
TBA,TBA,TBA,TBA,TBA
TBA,TBA,TBA,TBA,TBA
TBA,TBA,TBA,TBA,TBA
Cobb Hall,430,Thu,11:00 AM,11:50 AM
Cobb Hall,409,Fri,09:30 AM,10:20 AM
Cobb Hall,403,Fri,09:30 AM,10:20 AM
Cobb Hall,403,Fri,09:30 AM,10:20 AM
Cobb Hall,409,Fri,10:30 AM,11:20 AM
Cobb Hall,409,Fri,10:30 AM,11:20 AM
Cobb Hall,403,Fri,10:30 AM,11:20 AM
Cobb Hall,403,Fri,10:30 AM,11:20 AM
Saieh Hall for Economics,102,Thu,09:30 AM,10:50 AM
Saieh Hall for Economics,102,Thu,09:30 AM,10:50 AM
Cobb Hall,219,Fri,09:30 AM,10:20 AM
Cobb Hall,219,Fri,09:30 AM,10:20 AM
Cobb Hall,430,Fri,09:30 AM,10:20 AM
Cobb Hall,430,Fri,09:30 AM,10:20 AM
Saieh Hall for Economics,102,Thu,09:30 AM,10:50 AM
Cobb Hall,430,Thu,11:00 AM,11:50 AM
Cobb Hall,409,Fri,09:30 AM,10:20 AM
Harper Mem Library,148,Thu,11:00 AM,12:20 PM
Logan Center,201,Wed,01:30 PM,02:50 PM
Logan Center,201,Thu,12:30 PM,01:50 PM
Cobb Hall,310,Thu,12:30 PM,01:50 PM
Cobb Hall,307,Thu,11:00 AM,12:20 PM
Cobb Hall,310,Thu,02:00 PM,03:20 PM
Cobb Hall,310,Wed,04:30 PM,05:50 PM
Cobb Hall,307,Mon,03:30 PM,06:30 PM
Cochrane-Woods Art Ctr,152,Wed,01:30 PM,02:50 PM
Crerar Library,134,Thu,09:30 AM,10:50 AM
Crerar Library,134,Mon,09:30 AM,12:20 PM
Logan Center,201,Thu,02:00 PM,03:20 PM
Logan Center ,14,Tue,09:30 AM,12:20 PM
Cobb Hall,311,Mon,10:30 AM,01:20 PM
TBA,TBA,TBA,TBA,TBA
TBA,TBA,TBA,TBA,TBA
TBA,TBA,TBA,TBA,TBA
 S. University Room 10,5737,Mon,02:30 PM,05:20 PM
Crerar Library,134,Thu,09:30 AM,10:50 AM
Crerar Library,134,Mon,09:30 AM,12:20 PM
Logan Center,201,Thu,02:00 PM,03:20 PM
Logan Center ,14,Tue,09:30 AM,12:20 PM
Wieboldt Hall,102,Mon,02:30 PM,05:20 PM
Crerar Library,134,Wed,09:30 AM,12:20 PM
Classics Building,113,Tue,09:30 AM,12:20 PM
TBA,TBA,TBA,TBA,TBA
Cobb Hall,311,Wed,01:30 PM,04:20 PM
TBA,TBA,TBA,TBA,TBA
Swift Hall,403,Wed,01:30 PM,02:50 PM
Swift Hall,106,Fri,01:30 PM,02:50 PM
Rosenwald Hall ,11,Wed,01:30 PM,02:50 PM
Classics Building ,21,Thu,02:00 PM,03:20 PM
Swift Hall,208,Wed,09:30 AM,12:20 PM
TBA,TBA,Wed,01:30 PM,02:50 PM
Cobb Hall,202,Thu,12:30 PM,01:50 PM
Beecher Hall,101,Tue,12:30 PM,03:20 PM
TBA,TBA,TBA,TBA,TBA
Classics Building ,21,Wed,01:30 PM,02:50 PM
Classics Building ,21,Thu,12:30 PM,01:50 PM
Classics Building ,21,Thu,09:30 AM,10:50 AM
Cobb Hall,106,Thu,12:30 PM,01:50 PM
Cobb Hall,106,Thu,09:30 AM,10:50 AM
Foster Hall,107,Wed,03:00 PM,04:20 PM
Classics Building ,21,Thu,11:00 AM,12:20 PM
Foster Hall,505,Wed,10:30 AM,01:20 PM
Regenstein Library,136,Wed,03:00 PM,04:20 PM
Cochrane-Woods Art Ctr,156,Wed,01:30 PM,04:20 PM
Swift Hall,201,Mon,09:30 AM,12:20 PM
Cobb Hall,103,Thu,02:00 PM,03:20 PM
TBA,TBA,TBA,TBA,TBA
Classics Building ,21,Thu,02:00 PM,03:20 PM
Swift Hall,208,Wed,09:30 AM,12:20 PM
Cobb Hall,202,Thu,12:30 PM,01:50 PM
Beecher Hall,101,Tue,12:30 PM,03:20 PM
TBA,TBA,TBA,TBA,TBA
Classics Building ,21,Wed,01:30 PM,02:50 PM
Classics Building ,21,Thu,12:30 PM,01:50 PM
Classics Building ,21,Thu,09:30 AM,10:50 AM
Classics Building ,21,Thu,11:00 AM,12:20 PM
Foster Hall,505,Wed,10:30 AM,01:20 PM
Regenstein Library,136,Wed,03:00 PM,04:20 PM
Cochrane-Woods Art Ctr,156,Wed,01:30 PM,04:20 PM
Swift Hall,201,Mon,09:30 AM,12:20 PM
Foster Hall,305,Wed,01:30 PM,04:20 PM
Classics Building,313,Thu,03:30 PM,04:50 PM
Classics Building ,21,Thu,03:30 PM,04:50 PM
BioSci Learning Center 0,8,Wed,04:30 PM,07:20 PM
Swift Hall,208,Wed,01:30 PM,02:50 PM
Pick Hall,118,Wed,01:30 PM,04:20 PM
The Keller Center 00,1,Thu,02:00 PM,03:20 PM
BioSci Learning Center 0,8,Wed,04:30 PM,07:20 PM
TBA,TBA,TBA,TBA,TBA
TBA,TBA,TBA,TBA,TBA
TBA,TBA,TBA,TBA,TBA
Hinds Lab Geo Sci,101,Thu,02:00 PM,03:20 PM
Stuart Hall,101,Thu,11:00 AM,12:20 PM
Ryerson Phys Lab,276,Thu,02:00 PM,03:20 PM
Eckhart Hall,133,Thu,05:00 PM,06:20 PM
TBA,TBA,TBA,TBA,TBA
TBA,TBA,TBA,TBA,TBA
TBA,TBA,TBA,TBA,TBA
TBA,TBA,TBA,TBA,TBA
Goodspeed Hall,402,Thu,02:00 PM,03:20 PM
Logan Center,802,Wed,04:30 PM,05:50 PM
Wieboldt Hall,111,Wed,01:30 PM,02:50 PM
Stuart Hall ,20,Thu,02:00 PM,03:20 PM
Cobb Hall,107,Thu,12:30 PM,01:50 PM
Cobb Hall,107,Thu,03:30 PM,04:50 PM
Hinds Lab Geo Sci,101,Wed,01:30 PM,02:20 PM
Pick Hall,118,Thu,11:00 AM,12:20 PM
Cobb Hall,119,Wed,04:30 PM,05:50 PM
Social Sciences Rsch Bldg,404,Wed,01:30 PM,04:20 PM
Haskell Hall,315,Wed,01:30 PM,02:50 PM
Cobb Hall,203,Thu,11:00 AM,12:20 PM
Oriental Institute,210,Thu,02:00 PM,03:20 PM
TBA,TBA,Thu,02:00 PM,03:20 PM
Cobb Hall,301,Thu,09:30 AM,10:50 AM
Swift Hall,200,Fri,09:30 AM,12:20 PM
Stuart Hall ,20,Thu,11:00 AM,12:20 PM
Cobb Hall,218,Wed,01:30 PM,04:20 PM
Social Sciences Rsch Bldg,401,Thu,02:00 PM,03:20 PM
Cobb Hall,301,Thu,12:30 PM,01:50 PM
Cobb Hall,403,Thu,02:00 PM,03:20 PM
 S. University 10,5733,Thu,12:30 PM,01:50 PM
Social Sciences Rsch Bldg,302,Thu,12:30 PM,01:50 PM
 S. University 10,5733,Thu,09:30 AM,10:50 AM
 Building 289,1155,Fri,01:30 PM,04:20 PM
Cobb Hall,112,Thu,03:30 PM,04:50 PM
TBA,TBA,TBA,TBA,TBA
 S. University 10,5733,Wed,01:30 PM,02:50 PM
Cobb Hall,110,Wed,04:30 PM,05:50 PM
Cobb Hall,203,Thu,09:30 AM,10:50 AM
Cobb Hall,116,Thu,12:30 PM,01:50 PM
Harper Mem Library,148,Wed,01:30 PM,02:50 PM
Social Sciences Rsch Bldg,302,Wed,04:30 PM,05:50 PM
TBA,TBA,Wed,01:30 PM,02:50 PM
Logan Center,701,Mon,03:30 PM,06:20 PM
Foster Hall,107,Wed,03:00 PM,04:20 PM
Cobb Hall,409,Thu,12:30 PM,01:50 PM
Cobb Hall,303,Thu,09:30 AM,10:50 AM
Gates-Blake Hall,321,Thu,02:00 PM,03:20 PM
 S. University 10,5733,Thu,03:30 PM,04:50 PM
Rosenwald Hall,405,Thu,12:30 PM,01:50 PM
Swift Hall,200,Wed,09:30 AM,12:20 PM
Pick Hall,218,Thu,09:30 AM,10:50 AM
Logan Center,501,Thu,03:30 PM,06:20 PM
The Keller Center 00,1,Thu,06:00 PM,07:20 PM
Social Sciences Rsch Bldg,401,Thu,11:00 AM,12:20 PM
Wieboldt Hall,111,Fri,12:30 PM,01:20 PM
Rosenwald Hall,405,Thu,11:00 AM,12:20 PM
 Building 140,1155,Thu,08:00 AM,09:20 AM
Classics Building,111,Thu,12:30 PM,01:50 PM
Pick Hall,319,Wed,09:30 AM,12:20 PM
Cobb Hall,301,Thu,02:00 PM,03:20 PM
Cobb Hall,301,Thu,03:30 PM,04:50 PM
Harper Mem Library,130,Thu,09:30 AM,10:50 AM
Beecher Hall,101,Wed,01:30 PM,02:50 PM
TBA,TBA,TBA,TBA,TBA
Oriental Institute,124,Wed,10:30 AM,11:20 AM
Rosenwald Hall,329,Thu,09:30 AM,10:50 AM
TBA,TBA,TBA,TBA,TBA
Harper Mem Library,148,Wed,03:00 PM,04:20 PM
Cobb Hall,115,Wed,04:30 PM,05:50 PM
Cobb Hall,115,Thu,03:30 PM,04:50 PM
Rosenwald Hall,329,Thu,11:00 AM,12:20 PM
TBA,TBA,TBA,TBA,TBA
TBA,TBA,TBA,TBA,TBA
Wieboldt Hall,103,Wed,03:00 PM,04:20 PM
Haskell Hall,315,Thu,12:30 PM,01:50 PM
Beecher Hall,101,Wed,01:30 PM,02:50 PM
Cobb Hall,319,Wed,01:30 PM,02:50 PM
 S. University Room 10,5737,Wed,01:30 PM,04:20 PM
Pick Hall,118,Wed,01:30 PM,04:20 PM
Pick Hall,319,Wed,09:30 AM,12:20 PM
Rosenwald Hall,329,Thu,09:30 AM,10:50 AM
TBA,TBA,TBA,TBA,TBA
Social Sciences Rsch Bldg,404,Tue,12:30 PM,03:20 PM
Cobb Hall,115,Wed,04:30 PM,05:50 PM
TBA,TBA,TBA,TBA,TBA
TBA,TBA,Thu,09:30 AM,12:20 PM
 Building 140,1155,Thu,08:00 AM,09:20 AM
TBA,TBA,TBA,TBA,TBA
Classics Building,113,Mon,02:30 PM,05:20 PM
TBA,TBA,TBA,TBA,TBA
 S. University 10,5733,Thu,09:30 AM,10:50 AM
Rosenwald Hall,329,Wed,01:30 PM,04:20 PM
Harper Mem Library,151,Thu,02:00 PM,03:20 PM
Regenstein Library,136,Thu,04:30 PM,05:50 PM
Pick Hall,319,Thu,09:30 AM,10:50 AM
TBA,TBA,Thu,02:00 PM,03:20 PM
TBA,TBA,TBA,TBA,TBA
Cobb Hall,409,Thu,12:30 PM,01:50 PM
Saieh Hall for Economics,242,Thu,11:00 AM,12:20 PM
Swift Hall,106,Thu,12:30 PM,01:50 PM
Pick Hall,218,Mon,01:30 PM,04:20 PM
Wieboldt Hall,130,Thu,12:30 PM,01:50 PM
Swift Hall,200,Thu,12:30 PM,01:50 PM
Harper Mem Library,145,Tue,02:00 PM,04:50 PM
TBA,TBA,TBA,TBA,TBA
TBA,TBA,TBA,TBA,TBA
Classics Building,113,Tue,02:00 PM,04:50 PM
Rosenwald Hall,329,Wed,01:30 PM,04:20 PM
Wieboldt Hall,103,Tue,11:00 AM,01:50 PM
Harper Mem Library,151,Thu,02:00 PM,03:20 PM
Regenstein Library,136,Thu,04:30 PM,05:50 PM
Pick Hall,319,Thu,09:30 AM,10:50 AM
Wieboldt Hall,130,Thu,12:30 PM,01:50 PM
Swift Hall,208,Wed,09:30 AM,12:20 PM
Classics Building,113,Tue,02:00 PM,04:50 PM
Social Sciences Rsch Bldg,404,Thu,02:00 PM,04:50 PM
Classics Building,113,Wed,02:30 PM,05:20 PM
Classics Building,113,Tue,09:30 AM,12:20 PM
BioSci Learning Center,240,Wed,03:00 PM,04:20 PM
BioSci Learning Center,401,Wed,01:30 PM,02:50 PM
TBA,TBA,TBA,TBA,TBA
BioSci Learning Center,324,Thu,03:30 PM,04:50 PM
TBA,TBA,Wed,05:30 PM,08:00 PM
TBA,TBA,Tue,04:20 PM,06:20 PM
TBA,TBA,TBA,TBA,TBA
TBA,TBA,TBA,TBA,TBA
TBA,TBA,TBA,TBA,TBA
TBA,TBA,TBA,TBA,TBA
TBA,TBA,TBA,TBA,TBA
TBA,TBA,TBA,TBA,TBA
TBA,TBA,TBA,TBA,TBA
TBA,TBA,TBA,TBA,TBA
TBA,TBA,TBA,TBA,TBA
TBA,TBA,TBA,TBA,TBA
TBA,TBA,TBA,TBA,TBA
TBA,TBA,TBA,TBA,TBA
TBA,TBA,TBA,TBA,TBA
TBA,TBA,TBA,TBA,TBA
TBA,TBA,TBA,TBA,TBA
TBA,TBA,TBA,TBA,TBA
TBA,TBA,TBA,TBA,TBA
TBA,TBA,TBA,TBA,TBA
TBA,TBA,TBA,TBA,TBA
TBA,TBA,TBA,TBA,TBA
TBA,TBA,TBA,TBA,TBA
TBA,TBA,TBA,TBA,TBA
TBA,TBA,TBA,TBA,TBA
TBA,TBA,TBA,TBA,TBA
TBA,TBA,TBA,TBA,TBA
TBA,TBA,TBA,TBA,TBA
TBA,TBA,TBA,TBA,TBA
TBA,TBA,TBA,TBA,TBA
TBA,TBA,TBA,TBA,TBA
TBA,TBA,TBA,TBA,TBA
TBA,TBA,TBA,TBA,TBA
TBA,TBA,TBA,TBA,TBA
TBA,TBA,TBA,TBA,TBA
TBA,TBA,TBA,TBA,TBA
TBA,TBA,TBA,TBA,TBA
TBA,TBA,TBA,TBA,TBA
TBA,TBA,TBA,TBA,TBA
TBA,TBA,TBA,TBA,TBA
TBA,TBA,TBA,TBA,TBA
TBA,TBA,TBA,TBA,TBA
TBA,TBA,TBA,TBA,TBA
TBA,TBA,TBA,TBA,TBA
TBA,TBA,TBA,TBA,TBA
TBA,TBA,TBA,TBA,TBA
 Building 289,1155,Thu,11:00 AM,12:20 PM
 Building 29,1155,Wed,03:00 PM,04:20 PM
 Building 140,1155,Wed,04:30 PM,05:50 PM
 Building 140,1155,Thu,12:30 PM,01:50 PM
 Building 289,1155,Thu,12:30 PM,01:50 PM
 Building 29,1155,Wed,01:30 PM,02:50 PM
Eckhart Hall,133,Thu,05:00 PM,06:20 PM
TBA,TBA,TBA,TBA,TBA
Cobb Hall,107,Thu,02:00 PM,03:20 PM
Cummings Life Sci Center,101,Thu,09:30 AM,10:50 AM
TBA,TBA,TBA,TBA,TBA
Eckhart Hall,133,Wed,03:00 PM,04:20 PM
Eckhart Hall,133,Wed,03:00 PM,04:20 PM
Jones Laboratory,226,Wed,11:00 AM,12:20 PM
Jones Laboratory,226,Thu,09:30 AM,10:50 AM
Jones Laboratory,226,Wed,09:30 AM,10:50 AM
Ryerson Phys Lab,176,Thu,02:00 PM,03:20 PM
Harper Mem Library,130,Thu,11:00 AM,12:20 PM
Ryerson Phys Lab,276,Thu,09:30 AM,10:50 AM
Ryerson Phys Lab,255,Thu,12:30 PM,01:50 PM
Ryerson Phys Lab,251,Thu,09:30 AM,10:50 AM
Ryerson Phys Lab,251,Fri,09:30 AM,10:20 AM
Ryerson Phys Lab,251,Fri,11:30 AM,12:20 PM
Stuart Hall,101,Fri,09:30 AM,10:20 AM
Stuart Hall,105,Fri,09:30 AM,10:20 AM
Stuart Hall,101,Fri,10:30 AM,11:20 AM
Stuart Hall,105,Fri,10:30 AM,11:20 AM
Pick Hall ,16,Fri,09:30 AM,10:20 AM
Pick Hall ,16,Fri,11:30 AM,12:20 PM
Ryerson Phys Lab,251,Fri,01:30 PM,02:20 PM
Ryerson Phys Lab,251,Fri,02:30 PM,03:20 PM
Kersten ,55,Tue,02:00 PM,04:50 PM
Stuart Hall,105,Thu,02:00 PM,03:20 PM
Stuart Hall,104,Fri,01:30 PM,02:50 PM
Crerar Library ,11,Thu,12:30 PM,01:50 PM
Ryerson Phys Lab,276,Fri,10:30 AM,11:20 AM
Crerar Library ,11,Thu,09:30 AM,10:50 AM
Stuart Hall,101,Fri,04:30 PM,05:50 PM
Ryerson Phys Lab,251,Thu,11:00 AM,12:20 PM
Kersten Phys Teach Center,103,Thu,12:30 PM,01:50 PM
Stuart Hall,102,Wed,03:00 PM,04:20 PM
Ryerson Phys Lab,177,Thu,12:30 PM,01:50 PM
Rosenwald Hall ,11,Thu,03:30 PM,04:50 PM
Crerar Library ,11,Thu,03:30 PM,04:50 PM
Stuart Hall,102,Thu,12:30 PM,01:50 PM
Ryerson Phys Lab,251,Thu,02:00 PM,03:20 PM
Kent Chem Lab,107,Fri,01:30 PM,02:50 PM
Ryerson Phys Lab,276,Thu,11:00 AM,12:20 PM
Ryerson Phys Lab,251,Thu,03:30 PM,04:50 PM
Stuart Hall,102,Fri,10:30 AM,11:20 AM
Stuart Hall,102,Fri,11:30 AM,12:20 PM
Crerar Library ,11,Thu,11:00 AM,12:20 PM
Ryerson Phys Lab,251,Thu,12:30 PM,01:50 PM
Harper Mem Library,140,Fri,09:30 AM,10:20 AM
Ryerson Phys Lab,255,Thu,11:00 AM,12:20 PM
Toyota Technological Inst,530,Wed,01:30 PM,02:50 PM
Toyota Technological Inst,530,Thu,09:30 AM,10:50 AM
Ryerson Phys Lab,276,Wed,01:30 PM,02:50 PM
Ryerson Phys Lab,276,Wed,03:00 PM,04:20 PM
Crerar Library ,11,Thu,12:30 PM,01:50 PM
Crerar Library ,11,Thu,09:30 AM,10:50 AM
Crerar Library ,11,Thu,02:00 PM,03:20 PM
Ryerson Phys Lab,277,Thu,09:30 AM,10:50 AM
Ryerson Phys Lab,251,Thu,11:00 AM,12:20 PM
Ryerson Phys Lab,255,Wed,01:30 PM,02:50 PM
TBA,TBA,TBA,TBA,TBA
Ryerson Phys Lab,277,Thu,12:30 PM,01:50 PM
Stuart Hall,102,Wed,03:00 PM,04:20 PM
Ryerson Phys Lab,177,Thu,12:30 PM,01:50 PM
Rosenwald Hall ,11,Thu,03:30 PM,04:50 PM
Crerar Library ,11,Thu,03:30 PM,04:50 PM
Ryerson Phys Lab,277,Wed,03:00 PM,04:20 PM
Kent Chem Lab,107,Fri,01:30 PM,02:50 PM
TBA,TBA,TBA,TBA,TBA
Ryerson Phys Lab,276,Thu,09:30 AM,10:50 AM
Ryerson Phys Lab,277,Thu,02:00 PM,03:20 PM
Ryerson Phys Lab,276,Wed,04:30 PM,05:50 PM
Saieh Hall for Economics,141,Thu,09:30 AM,10:50 AM
Eckhart Hall,308,Thu,09:30 AM,10:50 AM
Ryerson Phys Lab,255,Thu,02:00 PM,03:20 PM
Toyota Technological Inst,530,Thu,11:00 AM,12:20 PM
Ryerson Phys Lab,255,Thu,09:30 AM,10:50 AM
Ryerson Phys Lab,177,Thu,02:00 PM,03:20 PM
Ryerson Phys Lab,255,Wed,03:00 PM,04:20 PM
TBA,TBA,TBA,TBA,TBA
TBA,TBA,TBA,TBA,TBA
TBA,TBA,TBA,TBA,TBA
TBA,TBA,TBA,TBA,TBA
TBA,TBA,TBA,TBA,TBA
TBA,TBA,TBA,TBA,TBA
TBA,TBA,TBA,TBA,TBA
TBA,TBA,TBA,TBA,TBA
TBA,TBA,TBA,TBA,TBA
TBA,TBA,TBA,TBA,TBA
TBA,TBA,TBA,TBA,TBA
TBA,TBA,TBA,TBA,TBA
TBA,TBA,TBA,TBA,TBA
TBA,TBA,TBA,TBA,TBA
TBA,TBA,TBA,TBA,TBA
TBA,TBA,TBA,TBA,TBA
TBA,TBA,TBA,TBA,TBA
TBA,TBA,TBA,TBA,TBA
TBA,TBA,TBA,TBA,TBA
TBA,TBA,TBA,TBA,TBA
TBA,TBA,TBA,TBA,TBA
TBA,TBA,TBA,TBA,TBA
TBA,TBA,TBA,TBA,TBA
TBA,TBA,TBA,TBA,TBA
TBA,TBA,TBA,TBA,TBA
TBA,TBA,TBA,TBA,TBA
TBA,TBA,TBA,TBA,TBA
TBA,TBA,TBA,TBA,TBA
TBA,TBA,TBA,TBA,TBA
TBA,TBA,TBA,TBA,TBA
TBA,TBA,TBA,TBA,TBA
TBA,TBA,TBA,TBA,TBA
TBA,TBA,TBA,TBA,TBA
TBA,TBA,TBA,TBA,TBA
TBA,TBA,TBA,TBA,TBA
TBA,TBA,TBA,TBA,TBA
TBA,TBA,TBA,TBA,TBA
TBA,TBA,TBA,TBA,TBA
TBA,TBA,TBA,TBA,TBA
TBA,TBA,TBA,TBA,TBA
TBA,TBA,TBA,TBA,TBA
TBA,TBA,TBA,TBA,TBA
TBA,TBA,TBA,TBA,TBA
TBA,TBA,TBA,TBA,TBA
TBA,TBA,TBA,TBA,TBA
TBA,TBA,TBA,TBA,TBA
TBA,TBA,TBA,TBA,TBA
TBA,TBA,TBA,TBA,TBA
Crerar Library ,11,Mon,10:00 AM,11:30 AM
TBA,TBA,Fri,01:00 PM,04:00 PM
Crerar Library,298,Thu,05:30 PM,08:30 PM
TBA,TBA,Mon,04:10 PM,06:00 PM
Crerar Library ,11,Wed,05:30 PM,08:30 PM
Crerar Library,390,Thu,06:00 PM,08:00 PM
Ryerson Phys Lab,277,Mon,05:30 PM,08:30 PM
Ryerson Phys Lab,277,Thu,06:00 PM,08:30 PM
Crerar Library,298,Tue,05:30 PM,08:30 PM
Crerar Library ,11,Fri,02:30 PM,05:20 PM
Crerar Library ,11,Fri,05:30 PM,07:30 PM
Crerar Library,298,Fri,05:30 PM,08:30 PM
Crerar Library,298,Mon,05:30 PM,08:30 PM
Crerar Library ,11,Thu,05:30 PM,08:30 PM
Crerar Library ,11,Mon,05:30 PM,08:30 PM
Crerar Library ,11,Tue,05:30 PM,08:30 PM
Ryerson Phys Lab,277,Tue,11:00 AM,12:20 PM
Crerar Library ,11,Mon,02:00 PM,04:50 PM
Ryerson Phys Lab,276,Fri,05:30 PM,08:30 PM
Ryerson Phys Lab,251,Thu,05:30 PM,08:30 PM
Ryerson Phys Lab,277,Wed,05:30 PM,08:30 PM
Ryerson Phys Lab,251,Wed,05:30 PM,08:30 PM
Ryerson Phys Lab,251,Tue,05:30 PM,08:30 PM
Ryerson Phys Lab,276,Thu,05:30 PM,08:30 PM
TBA,TBA,Wed,10:00 AM,11:30 AM
TBA,TBA,Wed,05:15 PM,07:30 PM
TBA,TBA,TBA,TBA,TBA
TBA,TBA,TBA,TBA,TBA
Eckhart Hall,133,Thu,05:00 PM,06:20 PM
Cobb Hall,107,Thu,11:00 AM,12:20 PM
Social Sciences Rsch Bldg,108,Wed,09:30 AM,12:20 PM
 Building 289,1155,Fri,01:30 PM,04:20 PM
 S. University Room 10,5737,Wed,01:30 PM,04:20 PM
Stuart Hall ,20,Thu,09:30 AM,10:50 AM
William Eckhardt Rsch Ctr,583,Thu,02:00 PM,03:20 PM
TBA,TBA,TBA,TBA,TBA
 S. University Room 10,5737,Tue,12:30 PM,03:20 PM
TBA,TBA,TBA,TBA,TBA
TBA,TBA,TBA,TBA,TBA
TBA,TBA,TBA,TBA,TBA
TBA,TBA,TBA,TBA,TBA
TBA,TBA,TBA,TBA,TBA
TBA,TBA,TBA,TBA,TBA
TBA,TBA,TBA,TBA,TBA
TBA,TBA,TBA,TBA,TBA
TBA,TBA,TBA,TBA,TBA
TBA,TBA,TBA,TBA,TBA
Wieboldt Hall,102,Fri,12:30 PM,03:20 PM
Midway Studios,108,Thu,12:30 PM,03:20 PM
Midway Studios,108,Thu,09:30 AM,12:20 PM
 Building 140,1155,Fri,12:30 PM,03:20 PM
Logan Center,802,Thu,02:00 PM,04:50 PM
Midway Studios,102,Thu,09:30 AM,12:20 PM
Midway Studios,102,Fri,09:30 AM,12:20 PM
Midway Studios,108,Fri,12:30 PM,03:20 PM
Midway Studios,102,Thu,12:30 PM,03:20 PM
 S. Ellis 10,5555,Wed,12:30 PM,03:20 PM
Midway Studios,108,Mon,09:30 AM,12:20 PM
TBA,TBA,TBA,TBA,TBA
Logan Center ,28,Tue,09:30 AM,12:20 PM
Midway Studios,108,Tue,09:30 AM,12:20 PM
 Building 140,1155,Wed,01:30 PM,02:50 PM
Logan Center,603,Wed,01:30 PM,02:50 PM
Campus North Res Commons,154,Thu,11:00 AM,12:20 PM
 Building 140,1155,Thu,12:30 PM,01:50 PM
 Building 140,1155,Thu,02:00 PM,03:20 PM
Harper Mem Library,102,Thu,02:00 PM,03:20 PM
Harper Mem Library,135,Thu,03:30 PM,04:50 PM
Harper Mem Library,104,Thu,03:30 PM,04:50 PM
Midway Studios,108,Wed,12:30 PM,03:20 PM
Harper Mem Library,150,Tue,12:30 PM,03:20 PM
Cobb Hall,218,Thu,02:00 PM,04:50 PM
Harper Mem Library,135,Tue,12:30 PM,03:20 PM
Logan Center,603,Tue,09:30 AM,12:20 PM
Logan Center,802,Wed,12:30 PM,03:20 PM
Midway Studios,108,Mon,12:30 PM,03:20 PM
Midway Studios,108,Tue,02:00 PM,04:50 PM
Midway Studios,102,Tue,09:30 AM,12:20 PM
Midway Studios,102,Fri,12:30 PM,03:20 PM
Harper Mem Library,135,Thu,12:30 PM,03:20 PM
Harper Mem Library,102,Fri,12:30 PM,03:20 PM
Harper Mem Library,151,Tue,09:30 AM,12:20 PM
Harper Mem Library,151,Mon,02:30 PM,05:20 PM
Midway Studios,108,Thu,12:30 PM,03:20 PM
Midway Studios,108,Thu,09:30 AM,12:20 PM
 Building 140,1155,Fri,12:30 PM,03:20 PM
Logan Center,802,Thu,02:00 PM,04:50 PM
Midway Studios,102,Thu,09:30 AM,12:20 PM
Midway Studios,102,Fri,09:30 AM,12:20 PM
Midway Studios,108,Fri,12:30 PM,03:20 PM
Midway Studios,108,Wed,12:30 PM,03:20 PM
Harper Mem Library,150,Tue,12:30 PM,03:20 PM
Cobb Hall,218,Thu,02:00 PM,04:50 PM
Harper Mem Library,135,Tue,12:30 PM,03:20 PM
Logan Center,603,Tue,09:30 AM,12:20 PM
Harper Mem Library,102,Fri,12:30 PM,03:20 PM
Logan Center,802,Wed,12:30 PM,03:20 PM
Midway Studios,108,Mon,12:30 PM,03:20 PM
Midway Studios,108,Tue,02:00 PM,04:50 PM
Midway Studios,102,Tue,09:30 AM,12:20 PM
Midway Studios,102,Fri,12:30 PM,03:20 PM
Harper Mem Library,135,Thu,12:30 PM,03:20 PM
Harper Mem Library,151,Tue,09:30 AM,12:20 PM
Harper Mem Library,151,Mon,02:30 PM,05:20 PM
Cobb Hall,206,Fri,12:30 PM,01:20 PM
Cobb Hall,206,Fri,12:30 PM,01:20 PM
Ryerson Phys Lab,251,Thu,09:30 AM,10:50 AM
Ryerson Phys Lab,251,Fri,09:30 AM,10:20 AM
TBA,TBA,TBA,TBA,TBA
 S. University Ave. 11,5727,Thu,11:00 AM,12:20 PM
 S. University Ave. 11,5727,Fri,10:30 AM,11:20 AM
Ryerson Phys Lab,276,Thu,12:30 PM,01:50 PM
Stuart Hall,102,Thu,03:30 PM,04:50 PM
Crerar Library ,11,Fri,11:30 AM,12:20 PM
Eckhart Hall,133,Thu,05:00 PM,06:20 PM
Eckhart Hall,133,Thu,05:00 PM,06:20 PM
Eckhart Hall,206,Thu,11:00 AM,12:20 PM
TBA,TBA,TBA,TBA,TBA
Jones Laboratory,226,Thu,03:30 PM,04:50 PM
Pick Hall,319,Thu,11:00 AM,12:20 PM
 S. University Room 10,5737,Tue,12:30 PM,03:20 PM
TBA,TBA,TBA,TBA,TBA
TBA,TBA,TBA,TBA,TBA
TBA,TBA,TBA,TBA,TBA
TBA,TBA,TBA,TBA,TBA
TBA,TBA,TBA,TBA,TBA
BioSci Learning Center,305,Thu,09:30 AM,10:50 AM
TBA,TBA,TBA,TBA,TBA
TBA,TBA,TBA,TBA,TBA
TBA,TBA,TBA,TBA,TBA
TBA,TBA,TBA,TBA,TBA
TBA,TBA,TBA,TBA,TBA
TBA,TBA,TBA,TBA,TBA
TBA,TBA,TBA,TBA,TBA
TBA,TBA,TBA,TBA,TBA
TBA,TBA,TBA,TBA,TBA
TBA,TBA,TBA,TBA,TBA
TBA,TBA,TBA,TBA,TBA
TBA,TBA,TBA,TBA,TBA
TBA,TBA,TBA,TBA,TBA
TBA,TBA,TBA,TBA,TBA
TBA,TBA,TBA,TBA,TBA
TBA,TBA,TBA,TBA,TBA
TBA,TBA,TBA,TBA,TBA
TBA,TBA,TBA,TBA,TBA
TBA,TBA,TBA,TBA,TBA
TBA,TBA,TBA,TBA,TBA
TBA,TBA,TBA,TBA,TBA
TBA,TBA,TBA,TBA,TBA
TBA,TBA,TBA,TBA,TBA
Pick Hall,218,Thu,12:30 PM,01:50 PM
Rosenwald Hall,405,Thu,09:30 AM,10:50 AM
Pick Hall,218,Thu,11:00 AM,12:20 PM
Pick Hall,218,Thu,12:30 PM,01:50 PM
Rosenwald Hall,405,Thu,09:30 AM,10:50 AM
Pick Hall,218,Thu,11:00 AM,12:20 PM
TBA,TBA,TBA,TBA,TBA
TBA,TBA,TBA,TBA,TBA
Harper Mem Library,150,Wed,03:00 PM,04:20 PM
Cobb Hall,307,Mon,03:30 PM,06:30 PM
Cobb Hall,101,Thu,02:00 PM,03:20 PM
TBA,TBA,TBA,TBA,TBA
TBA,TBA,TBA,TBA,TBA
TBA,TBA,TBA,TBA,TBA
TBA,TBA,TBA,TBA,TBA
TBA,TBA,TBA,TBA,TBA
TBA,TBA,TBA,TBA,TBA
Cochrane-Woods Art Ctr,157,Thu,11:00 AM,12:20 PM
Pick Hall ,16,Wed,01:30 PM,02:20 PM
TBA,TBA,TBA,TBA,TBA
Saieh Hall for Economics,102,Thu,09:30 AM,10:50 AM
TBA,TBA,Thu,03:30 PM,04:50 PM
Cochrane-Woods Art Ctr,152,Fri,01:00 PM,04:00 PM
Wieboldt Hall,102,Thu,02:00 PM,03:20 PM
Cobb Hall,319,Wed,03:00 PM,04:20 PM
Cobb Hall,116,Wed,01:30 PM,02:50 PM
Gates-Blake Hall,321,Wed,03:00 PM,04:20 PM
Swift Hall,208,Thu,03:30 PM,06:20 PM
Wieboldt Hall,103,Thu,02:00 PM,03:20 PM
Swift Hall,208,Tue,03:30 PM,06:20 PM
TBA,TBA,TBA,TBA,TBA
TBA,TBA,Thu,03:30 PM,04:50 PM
Cobb Hall,116,Wed,01:30 PM,02:50 PM
Swift Hall,208,Thu,03:30 PM,06:20 PM
Wieboldt Hall,103,Thu,02:00 PM,03:20 PM
Swift Hall,208,Tue,03:30 PM,06:20 PM
Wieboldt Hall,102,Mon,02:30 PM,05:20 PM
Harper Mem Library,148,Thu,11:00 AM,12:20 PM
TBA,TBA,Wed,01:30 PM,04:20 PM
Pick Hall,118,Fri,01:30 PM,04:20 PM
Cochrane-Woods Art Ctr,156,Tue,03:30 PM,06:20 PM
Cobb Hall,218,Mon,01:30 PM,04:20 PM
Wieboldt Hall,102,Wed,02:30 PM,05:20 PM
Rosenwald Hall,208,Wed,01:30 PM,04:20 PM
TBA,TBA,TBA,TBA,TBA
TBA,TBA,TBA,TBA,TBA
TBA,TBA,TBA,TBA,TBA
BioSci Learning Center,305,Thu,09:30 AM,10:50 AM
Zoology Building,212,Thu,11:00 AM,12:20 PM
Ida B & Walter Erman Ctr,200,Wed,11:30 AM,01:20 PM
TBA,TBA,TBA,TBA,TBA
TBA,TBA,TBA,TBA,TBA
TBA,TBA,TBA,TBA,TBA
TBA,TBA,TBA,TBA,TBA
TBA,TBA,TBA,TBA,TBA
TBA,TBA,TBA,TBA,TBA
TBA,TBA,TBA,TBA,TBA
TBA,TBA,TBA,TBA,TBA
TBA,TBA,TBA,TBA,TBA
TBA,TBA,TBA,TBA,TBA
TBA,TBA,TBA,TBA,TBA
TBA,TBA,TBA,TBA,TBA
TBA,TBA,TBA,TBA,TBA
TBA,TBA,TBA,TBA,TBA
TBA,TBA,TBA,TBA,TBA
TBA,TBA,TBA,TBA,TBA
TBA,TBA,TBA,TBA,TBA
TBA,TBA,TBA,TBA,TBA
TBA,TBA,TBA,TBA,TBA
TBA,TBA,TBA,TBA,TBA
TBA,TBA,TBA,TBA,TBA
TBA,TBA,TBA,TBA,TBA
TBA,TBA,TBA,TBA,TBA
TBA,TBA,TBA,TBA,TBA
TBA,TBA,TBA,TBA,TBA
TBA,TBA,TBA,TBA,TBA
TBA,TBA,TBA,TBA,TBA
TBA,TBA,TBA,TBA,TBA
TBA,TBA,TBA,TBA,TBA
TBA,TBA,TBA,TBA,TBA
TBA,TBA,TBA,TBA,TBA
TBA,TBA,TBA,TBA,TBA
TBA,TBA,TBA,TBA,TBA
TBA,TBA,TBA,TBA,TBA
TBA,TBA,TBA,TBA,TBA
TBA,TBA,TBA,TBA,TBA
TBA,TBA,TBA,TBA,TBA
TBA,TBA,TBA,TBA,TBA
TBA,TBA,TBA,TBA,TBA
TBA,TBA,TBA,TBA,TBA
TBA,TBA,TBA,TBA,TBA
TBA,TBA,TBA,TBA,TBA
TBA,TBA,TBA,TBA,TBA
TBA,TBA,TBA,TBA,TBA
TBA,TBA,TBA,TBA,TBA
TBA,TBA,TBA,TBA,TBA
TBA,TBA,TBA,TBA,TBA
TBA,TBA,TBA,TBA,TBA
TBA,TBA,TBA,TBA,TBA
TBA,TBA,TBA,TBA,TBA
TBA,TBA,TBA,TBA,TBA
TBA,TBA,TBA,TBA,TBA
TBA,TBA,TBA,TBA,TBA
TBA,TBA,TBA,TBA,TBA
TBA,TBA,TBA,TBA,TBA
TBA,TBA,TBA,TBA,TBA
TBA,TBA,TBA,TBA,TBA
TBA,TBA,TBA,TBA,TBA
TBA,TBA,TBA,TBA,TBA
TBA,TBA,TBA,TBA,TBA
TBA,TBA,TBA,TBA,TBA
TBA,TBA,TBA,TBA,TBA
TBA,TBA,TBA,TBA,TBA
TBA,TBA,TBA,TBA,TBA
TBA,TBA,TBA,TBA,TBA
TBA,TBA,TBA,TBA,TBA
Social Sciences Rsch Bldg,122,Thu,09:30 AM,10:50 AM
Social Sciences Rsch Bldg,122,Wed,01:30 PM,02:50 PM
Social Sciences Rsch Bldg,122,Thu,03:30 PM,04:50 PM
Saieh Hall for Economics,146,Thu,11:00 AM,12:20 PM
Saieh Hall for Economics ,21,Wed,01:30 PM,02:50 PM
Saieh Hall for Economics ,21,Wed,03:00 PM,04:20 PM
Saieh Hall for Economics,203,Thu,09:30 AM,10:50 AM
Saieh Hall for Economics,146,Thu,09:30 AM,10:50 AM
The Keller Center 0,21,Wed,01:30 PM,02:50 PM
Stuart Hall,105,Wed,03:00 PM,04:20 PM
The Keller Center 0,21,Wed,04:30 PM,05:50 PM
Saieh Hall for Economics,146,Wed,01:30 PM,02:50 PM
Harper Mem Library,140,Wed,03:00 PM,04:20 PM
Rosenwald Hall ,11,Thu,12:30 PM,01:50 PM
Saieh Hall for Economics,146,Thu,08:00 AM,09:20 AM
Stuart Hall,104,Thu,12:30 PM,01:50 PM
 S. University Ave. 11,5727,Thu,02:00 PM,03:20 PM
Saieh Hall for Economics,203,Thu,02:00 PM,03:20 PM
Pick Hall ,16,Thu,11:00 AM,12:20 PM
Saieh Hall for Economics,146,Thu,03:30 PM,04:50 PM
Stuart Hall,102,Thu,08:00 AM,09:20 AM
Stuart Hall,102,Thu,09:30 AM,10:50 AM
Stuart Hall,102,Thu,02:00 PM,03:20 PM
Saieh Hall for Economics,203,Thu,12:30 PM,01:50 PM
Saieh Hall for Economics,203,Thu,11:00 AM,12:20 PM
Saieh Hall for Economics,242,Thu,09:30 AM,10:50 AM
Saieh Hall for Economics,103,Thu,02:00 PM,03:20 PM
Harper Mem Library,140,Thu,11:00 AM,12:20 PM
Saieh Hall for Economics ,21,Thu,09:30 AM,10:50 AM
Saieh Hall for Economics ,21,Thu,11:00 AM,12:20 PM
Pick Hall ,16,Thu,09:30 AM,10:50 AM
The Keller Center 00,1,Thu,02:00 PM,03:20 PM
Rosenwald Hall ,11,Thu,09:30 AM,10:50 AM
Rosenwald Hall ,11,Thu,11:00 AM,12:20 PM
Saieh Hall for Economics,146,Thu,08:00 AM,09:20 AM
TBA,TBA,Tue,08:30 AM,11:30 AM
Saieh Hall for Economics,141,Thu,03:30 PM,04:50 PM
TBA,TBA,TBA,TBA,TBA
Saieh Hall for Economics,146,Thu,02:00 PM,03:20 PM
TBA,TBA,TBA,TBA,TBA
Saieh Hall for Economics,203,Wed,11:00 AM,12:20 PM
TBA,TBA,TBA,TBA,TBA
Saieh Hall for Economics,247,Thu,09:30 AM,10:50 AM
Saieh Hall for Economics,103,Wed,01:30 PM,02:50 PM
Saieh Hall for Economics,247,Thu,02:00 PM,03:20 PM
TBA,TBA,TBA,TBA,TBA
Saieh Hall for Economics,247,Thu,03:30 PM,04:50 PM
Saieh Hall for Economics,203,Wed,09:30 AM,10:50 AM
TBA,TBA,TBA,TBA,TBA
The Keller Center 0,23,Tue,02:00 PM,04:50 PM
Saieh Hall for Economics ,21,Thu,02:00 PM,04:50 PM
The Keller Center,2112,Thu,09:30 AM,12:20 PM
TBA,TBA,TBA,TBA,TBA
TBA,TBA,Tue,01:30 PM,04:30 PM
TBA,TBA,TBA,TBA,TBA
TBA,TBA,TBA,TBA,TBA
TBA,TBA,TBA,TBA,TBA
TBA,TBA,TBA,TBA,TBA
Saieh Hall for Economics,101,Wed,11:30 AM,01:00 PM
TBA,TBA,TBA,TBA,TBA
TBA,TBA,TBA,TBA,TBA
TBA,TBA,TBA,TBA,TBA
TBA,TBA,TBA,TBA,TBA
TBA,TBA,TBA,TBA,TBA
TBA,TBA,TBA,TBA,TBA
The Keller Center,1022,Thu,12:30 PM,01:50 PM
TBA,TBA,TBA,TBA,TBA
TBA,TBA,Mon,11:45 AM,01:15 PM
 Building 23,1155,Thu,12:30 PM,01:50 PM
Saieh Hall for Economics ,21,Tue,03:30 PM,04:50 PM
TBA,TBA,TBA,TBA,TBA
TBA,TBA,TBA,TBA,TBA
TBA,TBA,TBA,TBA,TBA
Saieh Hall for Economics,203,Wed,12:30 PM,01:50 PM
TBA,TBA,Thu,01:20 PM,02:20 PM
Saieh Hall for Economics,242,Thu,01:30 PM,02:20 PM
TBA,TBA,TBA,TBA,TBA
Saieh Hall for Economics,419,Wed,12:30 PM,01:20 PM
Saieh Hall for Economics,141,Fri,12:30 PM,02:20 PM
Saieh Hall for Economics,146,Tue,12:30 PM,01:50 PM
TBA,TBA,TBA,TBA,TBA
TBA,TBA,TBA,TBA,TBA
TBA,TBA,TBA,TBA,TBA
Saieh Hall for Economics,141,Fri,10:30 AM,12:20 PM
Rosenwald Hall ,15,Thu,12:30 PM,01:50 PM
Rosenwald Hall ,15,Thu,12:30 PM,01:50 PM
Saieh Hall for Economics,146,Wed,09:30 AM,10:50 AM
Saieh Hall for Economics,146,Wed,09:30 AM,10:50 AM
Saieh Hall for Economics,141,Wed,01:30 PM,02:50 PM
Saieh Hall for Economics,141,Wed,01:30 PM,02:50 PM
Kent Chem Lab,107,Tue,02:00 PM,03:20 PM
Oriental Institute,124,Wed,10:30 AM,11:20 AM
Pick Hall,319,Wed,09:30 AM,12:20 PM
Cobb Hall,301,Thu,02:00 PM,03:20 PM
Cobb Hall,301,Thu,03:30 PM,04:50 PM
Harper Mem Library,130,Thu,09:30 AM,10:50 AM
Beecher Hall,101,Wed,01:30 PM,02:50 PM
 Building 140,1155,Tue,11:00 AM,12:20 PM
Cobb Hall,115,Thu,03:30 PM,04:50 PM
Stuart Hall,104,Mon,09:30 AM,12:20 PM
Pick Hall,118,Wed,01:30 PM,04:20 PM
Pick Hall,319,Wed,09:30 AM,12:20 PM
TBA,TBA,TBA,TBA,TBA
TBA,TBA,TBA,TBA,TBA
TBA,TBA,TBA,TBA,TBA
Oriental Institute,210,Fri,10:30 AM,11:20 AM
Oriental Institute,210,Fri,10:30 AM,11:20 AM
Oriental Institute,208,Fri,11:30 AM,12:20 PM
Oriental Institute,208,Fri,11:30 AM,12:20 PM
Cobb Hall,115,Fri,09:30 AM,10:20 AM
Cobb Hall,115,Fri,09:30 AM,10:20 AM
Oriental Institute,208,Fri,12:30 PM,01:20 PM
Oriental Institute,208,Fri,12:30 PM,01:20 PM
TBA,TBA,Thu,12:00 PM,01:00 PM
TBA,TBA,TBA,TBA,TBA
TBA,TBA,Tue,08:00 AM,05:00 PM
TBA,TBA,Thu,08:00 AM,05:00 PM
TBA,TBA,Thu,08:00 AM,05:00 PM
TBA,TBA,Wed,08:00 AM,05:00 PM
TBA,TBA,Tue,08:00 AM,05:00 PM
TBA,TBA,TBA,TBA,TBA
TBA,TBA,Fri,07:00 AM,05:00 PM
TBA,TBA,Fri,07:00 AM,05:00 PM
TBA,TBA,Fri,07:00 AM,05:00 PM
TBA,TBA,Fri,07:00 AM,05:00 PM
TBA,TBA,TBA,TBA,TBA
TBA,TBA,TBA,TBA,TBA
TBA,TBA,TBA,TBA,TBA
TBA,TBA,TBA,TBA,TBA
Rosenwald Hall,432,Fri,11:30 AM,12:20 PM
Regenstein Library,207,Wed,01:30 PM,02:50 PM
TBA,TBA,TBA,TBA,TBA
 S. University 10,5733,Wed,03:00 PM,04:20 PM
Pick Hall ,16,Wed,12:30 PM,01:20 PM
Logan Center,201,Wed,01:30 PM,02:50 PM
Logan Center,201,Thu,12:30 PM,01:50 PM
Gates-Blake Hall,321,Thu,02:00 PM,03:20 PM
Wieboldt Hall,408,Mon,04:30 PM,07:20 PM
Harper Mem Library,141,Thu,11:00 AM,12:20 PM
Rosenwald Hall,405,Thu,03:30 PM,04:50 PM
TBA,TBA,TBA,TBA,TBA
Cobb Hall,107,Thu,12:30 PM,01:50 PM
Cobb Hall,107,Thu,03:30 PM,04:50 PM
Cobb Hall,203,Thu,12:30 PM,01:50 PM
Rosenwald Hall,432,Fri,10:30 AM,11:20 AM
Cobb Hall,104,Wed,04:30 PM,05:50 PM
Rosenwald Hall,405,Wed,03:00 PM,04:20 PM
Rosenwald Hall,405,Wed,01:30 PM,02:50 PM
 Building 140,1155,Thu,09:30 AM,10:50 AM
Pick Hall,118,Thu,11:00 AM,12:20 PM
Regenstein Library,207,Thu,02:00 PM,03:20 PM
Rosenwald Hall,405,Wed,04:30 PM,05:50 PM
Rosenwald Hall,405,Thu,02:00 PM,03:20 PM
Midway Studios,112,Wed,01:30 PM,04:20 PM
Harper Mem Library,141,Thu,02:00 PM,03:20 PM
Classics Building,405,Thu,12:30 PM,01:50 PM
Social Sciences Rsch Bldg,401,Thu,02:00 PM,03:20 PM
Campus North Res Commons,154,Thu,02:00 PM,03:20 PM
Cobb Hall,102,Wed,03:00 PM,04:20 PM
Campus North Res Commons,158,Thu,11:00 AM,01:50 PM
TBA,TBA,TBA,TBA,TBA
Pick Hall,218,Mon,01:30 PM,04:20 PM
Wieboldt Hall,130,Thu,12:30 PM,01:50 PM
Cobb Hall,303,Thu,09:30 AM,10:50 AM
Logan Center,501,Thu,02:00 PM,03:20 PM
Rosenwald Hall,405,Thu,12:30 PM,01:50 PM
Cobb Hall,116,Thu,03:30 PM,04:50 PM
TBA,TBA,TBA,TBA,TBA
TBA,TBA,TBA,TBA,TBA
TBA,TBA,TBA,TBA,TBA
TBA,TBA,TBA,TBA,TBA
TBA,TBA,TBA,TBA,TBA
Rosenwald Hall,405,Wed,04:30 PM,05:50 PM
Harper Mem Library,141,Thu,11:00 AM,12:20 PM
TBA,TBA,TBA,TBA,TBA
Wieboldt Hall,408,Mon,04:30 PM,07:20 PM
Rosenwald Hall,329,Mon,09:30 AM,12:20 PM
Campus North Res Commons,154,Thu,02:00 PM,03:20 PM
TBA,TBA,TBA,TBA,TBA
Wieboldt Hall,130,Thu,12:30 PM,01:50 PM
Cobb Hall,116,Thu,03:30 PM,04:50 PM
Rosenwald Hall,405,Thu,02:00 PM,03:20 PM
Classics Building,405,Thu,12:30 PM,01:50 PM
Social Sciences Rsch Bldg,401,Wed,04:30 PM,05:50 PM
Rosenwald Hall,405,Thu,12:30 PM,01:50 PM
Classics Building,113,Wed,02:30 PM,05:20 PM
TBA,TBA,TBA,TBA,TBA
Walker Museum,403,Mon,10:30 AM,01:20 PM
Beecher Hall,101,Tue,09:30 AM,12:20 PM
Classics Building,113,Tue,09:30 AM,12:20 PM
TBA,TBA,TBA,TBA,TBA
TBA,TBA,TBA,TBA,TBA
Walker Museum,403,Thu,03:00 PM,04:20 PM
Logan Center,501,Thu,12:30 PM,01:50 PM
TBA,TBA,Wed,03:00 PM,04:20 PM
Walker Museum,302,Wed,09:00 AM,10:20 AM
TBA,TBA,Tue,02:00 PM,04:50 PM
Campus North Res Commons,158,Wed,04:30 PM,07:20 PM
TBA,TBA,Tue,02:00 PM,04:50 PM
Hinds Lab Geo Sci,184,Fri,11:30 AM,12:20 PM
TBA,TBA,TBA,TBA,TBA
TBA,TBA,TBA,TBA,TBA
TBA,TBA,TBA,TBA,TBA
TBA,TBA,TBA,TBA,TBA
TBA,TBA,TBA,TBA,TBA
TBA,TBA,TBA,TBA,TBA
Social Sciences Rsch Bldg,401,Wed,03:00 PM,04:20 PM
Hinds Lab Geo Sci,184,Fri,09:30 AM,10:20 AM
Hinds Lab Geo Sci,184,Fri,10:30 AM,11:20 AM
TBA,TBA,TBA,TBA,TBA
Hinds Lab Geo Sci,451,Thu,03:30 PM,04:50 PM
Harper Mem Library,141,Thu,11:00 AM,12:20 PM
Hinds Lab Geo Sci,184,Fri,11:30 AM,12:20 PM
TBA,TBA,TBA,TBA,TBA
TBA,TBA,TBA,TBA,TBA
TBA,TBA,TBA,TBA,TBA
TBA,TBA,TBA,TBA,TBA
TBA,TBA,TBA,TBA,TBA
TBA,TBA,TBA,TBA,TBA
Wieboldt Hall,408,Thu,11:00 AM,12:20 PM
Cobb Hall,119,Wed,04:30 PM,05:50 PM
Cobb Hall,302,Tue,03:30 PM,04:50 PM
Cobb Hall,115,Wed,01:30 PM,02:50 PM
 Building 289,1155,Fri,01:30 PM,04:20 PM
Logan Center ,28,Thu,02:00 PM,04:50 PM
Logan Center,501,Thu,12:30 PM,01:50 PM
 Building 140,1155,Thu,09:30 AM,10:50 AM
Cochrane-Woods Art Ctr,157,Wed,03:00 PM,04:20 PM
Crerar Library,134,Fri,12:30 PM,04:50 PM
Social Sciences Rsch Bldg,401,Wed,03:00 PM,04:20 PM
 Building 140,1155,Thu,02:00 PM,03:20 PM
Stuart Hall,102,Thu,11:00 AM,12:20 PM
Kelly Hall,114,Thu,11:00 AM,12:20 PM
TBA,TBA,Wed,03:00 PM,04:20 PM
Walker Museum,302,Wed,09:00 AM,10:20 AM
Pick Hall,218,Mon,01:30 PM,04:20 PM
TBA,TBA,TBA,TBA,TBA
Logan Center ,28,Tue,02:00 PM,04:50 PM
Rosenwald Hall,329,Thu,02:00 PM,04:50 PM
Social Sciences Rsch Bldg,122,Thu,12:30 PM,01:50 PM
TBA,TBA,TBA,TBA,TBA
The Keller Center,1022,Mon,04:30 PM,07:20 PM
TBA,TBA,Tue,02:00 PM,04:50 PM
Gates-Blake Hall,321,Thu,11:00 AM,12:20 PM
Hinds Lab Geo Sci,176,Wed,03:30 PM,05:30 PM
TBA,TBA,TBA,TBA,TBA
BioSci Learning Center,218,Wed,01:30 PM,02:50 PM
TBA,TBA,TBA,TBA,TBA
TBA,TBA,TBA,TBA,TBA
Zoology Building,212,Thu,11:00 AM,12:20 PM
Harper Mem Library,140,Thu,02:00 PM,03:20 PM
TBA,TBA,TBA,TBA,TBA
TBA,TBA,TBA,TBA,TBA
TBA,TBA,TBA,TBA,TBA
TBA,TBA,TBA,TBA,TBA
TBA,TBA,TBA,TBA,TBA
TBA,TBA,TBA,TBA,TBA
TBA,TBA,TBA,TBA,TBA
TBA,TBA,TBA,TBA,TBA
TBA,TBA,TBA,TBA,TBA
TBA,TBA,TBA,TBA,TBA
TBA,TBA,TBA,TBA,TBA
TBA,TBA,TBA,TBA,TBA
TBA,TBA,TBA,TBA,TBA
TBA,TBA,TBA,TBA,TBA
TBA,TBA,TBA,TBA,TBA
TBA,TBA,TBA,TBA,TBA
TBA,TBA,TBA,TBA,TBA
TBA,TBA,TBA,TBA,TBA
TBA,TBA,TBA,TBA,TBA
TBA,TBA,TBA,TBA,TBA
TBA,TBA,TBA,TBA,TBA
TBA,TBA,TBA,TBA,TBA
TBA,TBA,TBA,TBA,TBA
TBA,TBA,TBA,TBA,TBA
TBA,TBA,TBA,TBA,TBA
TBA,TBA,TBA,TBA,TBA
TBA,TBA,TBA,TBA,TBA
TBA,TBA,TBA,TBA,TBA
TBA,TBA,TBA,TBA,TBA
TBA,TBA,TBA,TBA,TBA
TBA,TBA,TBA,TBA,TBA
TBA,TBA,TBA,TBA,TBA
TBA,TBA,TBA,TBA,TBA
TBA,TBA,TBA,TBA,TBA
TBA,TBA,TBA,TBA,TBA
TBA,TBA,TBA,TBA,TBA
TBA,TBA,TBA,TBA,TBA
TBA,TBA,TBA,TBA,TBA
TBA,TBA,TBA,TBA,TBA
TBA,TBA,TBA,TBA,TBA
TBA,TBA,TBA,TBA,TBA
TBA,TBA,TBA,TBA,TBA
TBA,TBA,TBA,TBA,TBA
TBA,TBA,TBA,TBA,TBA
TBA,TBA,TBA,TBA,TBA
TBA,TBA,TBA,TBA,TBA
TBA,TBA,TBA,TBA,TBA
TBA,TBA,TBA,TBA,TBA
TBA,TBA,TBA,TBA,TBA
TBA,TBA,TBA,TBA,TBA
TBA,TBA,TBA,TBA,TBA
TBA,TBA,TBA,TBA,TBA
TBA,TBA,TBA,TBA,TBA
TBA,TBA,TBA,TBA,TBA
TBA,TBA,TBA,TBA,TBA
TBA,TBA,TBA,TBA,TBA
TBA,TBA,TBA,TBA,TBA
TBA,TBA,TBA,TBA,TBA
TBA,TBA,TBA,TBA,TBA
TBA,TBA,TBA,TBA,TBA
TBA,TBA,TBA,TBA,TBA
TBA,TBA,TBA,TBA,TBA
TBA,TBA,TBA,TBA,TBA
TBA,TBA,TBA,TBA,TBA
TBA,TBA,TBA,TBA,TBA
TBA,TBA,TBA,TBA,TBA
TBA,TBA,TBA,TBA,TBA
TBA,TBA,TBA,TBA,TBA
TBA,TBA,TBA,TBA,TBA
TBA,TBA,TBA,TBA,TBA
TBA,TBA,TBA,TBA,TBA
TBA,TBA,TBA,TBA,TBA
TBA,TBA,TBA,TBA,TBA
TBA,TBA,TBA,TBA,TBA
TBA,TBA,TBA,TBA,TBA
TBA,TBA,TBA,TBA,TBA
TBA,TBA,TBA,TBA,TBA
TBA,TBA,TBA,TBA,TBA
TBA,TBA,TBA,TBA,TBA
TBA,TBA,TBA,TBA,TBA
TBA,TBA,TBA,TBA,TBA
TBA,TBA,TBA,TBA,TBA
TBA,TBA,TBA,TBA,TBA
TBA,TBA,TBA,TBA,TBA
TBA,TBA,TBA,TBA,TBA
TBA,TBA,TBA,TBA,TBA
TBA,TBA,TBA,TBA,TBA
TBA,TBA,TBA,TBA,TBA
TBA,TBA,TBA,TBA,TBA
TBA,TBA,Fri,07:00 AM,05:00 PM
TBA,TBA,Fri,07:00 AM,05:00 PM
TBA,TBA,Fri,07:00 AM,05:00 PM
TBA,TBA,Fri,07:00 AM,05:00 PM
TBA,TBA,Fri,08:00 AM,05:00 PM
TBA,TBA,Fri,08:00 AM,05:00 PM
TBA,TBA,Fri,08:00 AM,05:00 PM
TBA,TBA,Fri,06:00 AM,06:00 PM
TBA,TBA,Fri,06:00 AM,06:00 PM
TBA,TBA,Fri,06:00 AM,06:00 PM
TBA,TBA,TBA,TBA,TBA
TBA,TBA,TBA,TBA,TBA
TBA,TBA,TBA,TBA,TBA
TBA,TBA,TBA,TBA,TBA
TBA,TBA,TBA,TBA,TBA
TBA,TBA,TBA,TBA,TBA
TBA,TBA,TBA,TBA,TBA
TBA,TBA,TBA,TBA,TBA
TBA,TBA,TBA,TBA,TBA
TBA,TBA,TBA,TBA,TBA
Kent Chem Lab,120,Wed,06:00 PM,09:00 PM
 S. University Ave. 11,5727,Fri,06:00 PM,09:00 PM
 S. University Ave. 11,5727,Fri,01:30 PM,04:20 PM
 S. University Ave. 11,5727,Tue,06:00 PM,09:00 PM
TBA,TBA,TBA,TBA,TBA
TBA,TBA,TBA,TBA,TBA
 S. University Ave. 11,5727,Thu,06:00 PM,09:00 PM
 S. University Ave. 11,5727,Mon,06:00 PM,09:00 PM
TBA,TBA,TBA,TBA,TBA
TBA,TBA,TBA,TBA,TBA
 S. University Ave. 11,5727,Thu,03:30 PM,04:50 PM
Cobb Hall,103,Fri,09:30 AM,10:20 AM
Cobb Hall,103,Fri,09:30 AM,10:20 AM
Cobb Hall,119,Fri,03:30 PM,04:20 PM
Cobb Hall,119,Fri,03:30 PM,04:20 PM
Cobb Hall,116,Fri,09:30 AM,10:20 AM
Cobb Hall,116,Fri,09:30 AM,10:20 AM
Cobb Hall,116,Fri,10:30 AM,11:20 AM
Cobb Hall,116,Fri,10:30 AM,11:20 AM
Cobb Hall,301,Fri,11:30 AM,12:20 PM
Cobb Hall,301,Fri,11:30 AM,12:20 PM
Cobb Hall,402,Fri,12:30 PM,01:20 PM
Cobb Hall,402,Fri,12:30 PM,01:20 PM
Cobb Hall,202,Fri,01:30 PM,02:20 PM
Cobb Hall,202,Fri,01:30 PM,02:20 PM
Cobb Hall,210,Fri,02:30 PM,03:20 PM
Cobb Hall,210,Fri,02:30 PM,03:20 PM
Cobb Hall,205,Fri,02:30 PM,04:20 PM
Cobb Hall,205,Fri,02:30 PM,04:20 PM
Cobb Hall,203,Wed,03:00 PM,04:20 PM
Cobb Hall,203,Wed,03:00 PM,04:20 PM
Cobb Hall,301,Fri,12:30 PM,01:20 PM
Cobb Hall,301,Fri,12:30 PM,01:20 PM
TBA,TBA,TBA,TBA,TBA
TBA,TBA,TBA,TBA,TBA
TBA,TBA,TBA,TBA,TBA
TBA,TBA,TBA,TBA,TBA
TBA,TBA,TBA,TBA,TBA
TBA,TBA,TBA,TBA,TBA
TBA,TBA,TBA,TBA,TBA
TBA,TBA,TBA,TBA,TBA
Cobb Hall,119,Fri,08:30 AM,09:20 AM
Cobb Hall,119,Fri,08:30 AM,09:20 AM
Cobb Hall,301,Fri,09:30 AM,10:20 AM
Cobb Hall,301,Fri,09:30 AM,10:20 AM
Cobb Hall,104,Fri,09:30 AM,10:20 AM
Cobb Hall,104,Fri,09:30 AM,10:20 AM
Cobb Hall,104,Fri,10:30 AM,11:20 AM
Cobb Hall,104,Fri,10:30 AM,11:20 AM
Cobb Hall,119,Fri,10:30 AM,11:20 AM
Cobb Hall,119,Fri,10:30 AM,11:20 AM
Cobb Hall,119,Fri,12:30 PM,01:20 PM
Cobb Hall,119,Fri,12:30 PM,01:20 PM
Cobb Hall,103,Fri,10:30 AM,11:20 AM
Cobb Hall,103,Fri,10:30 AM,11:20 AM
Cobb Hall,104,Fri,12:30 PM,01:20 PM
Cobb Hall,104,Fri,12:30 PM,01:20 PM
Cobb Hall,430,Fri,01:30 PM,02:20 PM
Cobb Hall,430,Fri,01:30 PM,02:20 PM
Cobb Hall,101,Fri,09:30 AM,10:20 AM
Cobb Hall,112,Wed,01:30 PM,02:50 PM
Wieboldt Hall,207,Thu,11:00 AM,12:20 PM
Wieboldt Hall,207,Thu,02:00 PM,03:20 PM
Wieboldt Hall,207,Wed,01:30 PM,02:50 PM
Cobb Hall,101,Thu,09:30 AM,10:50 AM
Cobb Hall,402,Wed,03:00 PM,04:20 PM
Cobb Hall,112,Wed,01:30 PM,02:50 PM
Wieboldt Hall,207,Thu,02:00 PM,03:20 PM
TBA,TBA,TBA,TBA,TBA
Campus North Res Commons,158,Wed,04:30 PM,07:20 PM
Cochrane-Woods Art Ctr,153,Thu,05:00 PM,06:20 PM
Rosenwald Hall,405,Wed,04:30 PM,05:50 PM
Foster Hall,305,Thu,12:30 PM,03:20 PM
Rosenwald Hall,405,Wed,01:30 PM,02:50 PM
Foster Hall,305,Wed,01:30 PM,04:20 PM
Harper Mem Library,141,Thu,02:00 PM,03:20 PM
TBA,TBA,Wed,01:30 PM,02:50 PM
Gates-Blake Hall,321,Wed,03:00 PM,04:20 PM
Cobb Hall,202,Thu,12:30 PM,01:50 PM
Classics Building ,21,Wed,03:00 PM,04:20 PM
Swift Hall,106,Wed,03:00 PM,04:20 PM
Stuart Hall,104,Thu,11:00 AM,12:20 PM
TBA,TBA,TBA,TBA,TBA
Swift Hall,208,Thu,09:30 AM,10:50 AM
Cobb Hall,106,Tue,06:30 PM,09:30 PM
Wieboldt Hall,207,Thu,09:30 AM,10:50 AM
Regenstein Library,136,Thu,04:30 PM,05:50 PM
Swift Hall,106,Wed,04:30 PM,05:50 PM
Harper Mem Library,130,Thu,12:30 PM,01:50 PM
Classics Building ,21,Wed,01:30 PM,02:50 PM
Campus North Res Commons,158,Thu,11:00 AM,01:50 PM
TBA,TBA,Thu,02:00 PM,03:20 PM
Swift Hall,208,Thu,12:30 PM,01:50 PM
Foster Hall,505,Wed,10:30 AM,01:20 PM
Pick Hall,218,Thu,09:30 AM,10:50 AM
 Building 140,1155,Thu,09:30 AM,10:50 AM
TBA,TBA,TBA,TBA,TBA
TBA,TBA,TBA,TBA,TBA
TBA,TBA,TBA,TBA,TBA
TBA,TBA,TBA,TBA,TBA
TBA,TBA,TBA,TBA,TBA
TBA,TBA,TBA,TBA,TBA
 S. University 10,5733,Thu,11:00 AM,12:20 PM
 S. University 10,5733,Thu,02:00 PM,03:20 PM
Rosenwald Hall,329,Thu,11:00 AM,12:20 PM
